area,bedrooms,bathrooms,location_score,age,price
1360,2,3,8,11,970983
4272,4,2,6,0,1243810
3592,5,3,7,16,1309649
966,4,3,7,40,928955
4926,4,3,6,49,1308328
3944,2,3,9,27,1371458
3671,4,3,9,6,1438156
3419,2,1,7,8,1081319
630,1,2,9,21,879590
2185,5,1,3,25,743641
1269,4,3,3,11,659965
2891,2,2,1,6,574698
2933,3,1,5,45,893822
1684,4,1,4,46,713353
3885,1,3,2,14,760613
4617,1,1,9,37,1300996
3404,3,1,3,20,795033
974,2,1,8,13,877133
1582,4,1,6,1,902755
3058,2,1,5,7,872325
2547,1,3,1,44,468308
3247,2,3,4,5,879640
1475,1,1,3,36,444675
2306,2,3,1,36,503627
689,3,3,5,32,688016
3234,5,2,6,40,1137764
3505,3,1,2,5,763911
2399,3,3,3,25,738016
1767,5,3,6,38,986259
2028,5,1,4,40,786607
3702,4,2,9,36,1372655
4056,4,1,5,13,1090192
4390,3,2,4,36,1023180
1146,3,1,2,7,488136
3388,1,1,6,38,935840
2935,1,1,2,12,582059
1100,4,1,7,12,923805
2863,4,2,3,39,792822
2561,1,2,9,42,1086386
741,1,3,5,27,597474
2541,2,1,8,17,1044928
3324,2,2,6,18,1023195
3112,1,2,8,37,1081703
1863,2,2,3,31,588798
1978,5,1,3,21,754770
3056,4,3,5,1,1052209
1275,4,2,3,12,638153
4514,1,1,8,22,1243963
534,3,2,8,24,881767
3652,1,2,2,27,684238
2455,2,3,4,10,803487
2085,3,2,1,32,492555
4443,2,2,4,23,1003861
3573,5,1,4,1,1013666
1521,2,1,9,29,996092
3961,5,3,3,16,1031599
3113,5,1,2,39,765171
4343,2,1,9,33,1326421
2000,2,3,9,37,1097474
661,5,2,1,21,454198
4797,3,3,6,4,1300030
2481,5,1,8,47,1177645
1495,4,3,3,39,667038
3842,5,2,9,15,1479511
4298,3,3,2,12,888547
1775,4,1,6,25,885862
1516,1,1,1,30,302583
837,1,3,7,38,758560
1378,3,2,3,47,571100
1576,5,3,7,22,1083630
4493,2,2,4,47,954195
879,3,2,9,11,1039215
992,4,3,5,13,777892
2562,4,2,3,17,809826
4384,1,1,8,26,1208383
564,4,3,6,27,790844
3068,3,2,2,17,740886
2527,4,1,3,15,773145
3195,3,3,8,15,1238615
1995,2,1,7,12,928094
891,1,1,6,28,650173
4974,4,1,1,8,903110
4061,3,2,9,25,1389245
2778,5,3,3,27,872393
3599,1,3,5,40,914545
700,2,2,7,12,799025
3604,3,3,7,35,1201013
2954,2,1,3,8,708605
4145,2,3,4,46,962398
1304,4,2,7,13,982437
3231,4,1,8,11,1249777
3273,3,2,2,31,725468
2070,5,1,9,37,1209472
3190,3,1,7,2,1105895
4340,5,3,8,15,1497295
1528,2,1,6,19,755997
1002,1,2,6,31,673910
4993,3,3,9,22,1555894
1370,3,2,4,16,695838
4988,5,1,5,15,1272218
706,2,2,9,37,912923
1984,2,2,1,7,472598
1363,5,1,4,18,734229
3290,2,3,7,29,1098166
1063,4,2,9,33,1073470
4691,1,1,6,13,1121007
2257,3,3,8,21,1110206
2178,1,3,9,43,1068267
3742,3,3,4,16,1012414
1559,4,2,1,14,523369
2222,2,2,8,49,1030420
3814,5,2,2,47,880303
3657,4,3,1,31,792925
3125,1,2,7,12,1033426
3229,5,1,9,20,1354965
2097,2,2,9,48,1096664
3560,4,2,3,39,893669
3193,5,3,6,32,1167063
4127,4,2,7,26,1272452
1863,4,1,9,34,1158503
2481,2,3,2,15,640519
2163,3,1,8,27,1048647
2029,5,3,7,33,1097926
2538,2,3,4,46,777841
3802,4,2,2,0,871117
2737,2,1,8,40,1063163
1806,3,3,5,47,802663
4529,5,2,6,30,1293786
3175,3,3,7,35,1162784
1782,1,3,1,43,391295
1209,5,3,8,32,1097571
4913,3,3,4,32,1103472
4248,4,3,9,38,1491734
1163,5,3,1,17,549931
2498,5,2,2,22,760970
3945,2,3,6,22,1137112
4243,4,1,1,14,789096
1995,1,2,4,25,657566
3804,3,1,8,29,1253207
4263,2,3,5,24,1085928
2353,3,1,9,44,1121355
1791,1,3,6,15,839017
4081,1,3,1,38,686704
3957,5,2,6,47,1224403
2136,1,2,6,44,804470
4196,3,3,6,13,1212581
3499,4,2,8,16,1313058
3652,4,1,6,11,1152576
1198,5,2,5,28,805920
2660,3,2,2,31,653848
4597,3,1,4,23,1045312
1354,1,2,5,12,644053
3974,3,3,4,19,1032473
2207,2,1,2,14,534626
3277,1,3,7,3,1098740
2233,2,1,2,33,514775
4010,5,3,1,27,876166
702,4,3,5,49,719034
3755,5,2,1,1,851023
4718,4,3,1,46,904104
4996,5,2,1,29,961822
1266,3,1,6,25,788184
4889,2,3,9,46,1450284
2827,4,3,1,25,692075
3431,1,1,5,19,860540
697,2,1,9,41,874139
2430,1,3,9,27,1128414
4082,2,1,1,19,684929
1108,2,2,8,10,910586
3772,5,1,1,9,816386
1647,4,1,8,22,1041777
4782,4,3,1,36,909100
3897,2,2,5,40,1004116
3011,3,1,8,18,1169603
2294,3,2,6,44,903049
1159,1,2,9,17,947714
3311,1,2,1,48,558819
1869,5,3,9,26,1249245
2486,2,1,1,5,510886
646,1,3,3,9,461663
3719,1,1,1,1,604700
3411,2,1,3,23,761556
2234,5,3,2,37,717298
2343,1,2,2,27,512655
988,5,2,9,27,1135413
3476,4,1,8,44,1236193
2459,5,3,1,49,657451
2885,3,2,4,38,835794
3419,3,2,1,1,690506
2302,5,1,1,45,581286
4561,3,1,4,4,1060437
3869,4,3,2,49,850245
762,2,1,3,10,444776
1123,3,2,9,9,1055603
1516,3,2,2,42,507293
4143,5,2,4,1,1112814
2549,4,2,1,14,643160
4223,2,3,2,38,821167
3608,5,3,5,40,1115318
4590,5,1,1,36,881383
2556,4,1,7,6,1099426
3670,2,1,4,19,857760
2182,4,3,6,33,982583
2755,2,2,8,34,1083759
1654,4,1,6,33,887631
4999,5,2,2,21,1029398
3691,5,1,1,30,769572
2196,1,1,8,22,954445
4491,3,1,8,18,1326395
2148,4,1,9,3,1221713
1945,1,1,6,23,788329
4699,3,2,1,19,824766
4423,4,1,9,38,1434225
753,2,2,3,27,454581
3683,3,3,6,38,1128355
3057,5,1,9,16,1333175
598,1,2,3,18,420202
2700,3,3,5,47,901576
3461,3,3,5,34,1001820
4933,5,3,7,31,1467635
4277,4,2,4,46,1035323
3369,2,1,4,45,805000
3734,5,1,7,46,1227623
4291,2,2,9,45,1333196
1456,4,1,4,38,697355
4567,3,2,4,34,1048220
660,2,1,6,29,646813
4993,1,3,6,16,1184487
1800,1,1,7,41,805666
4487,5,2,1,46,888695
2027,4,2,3,28,715370
1718,5,3,9,5,1263228
4996,5,2,6,16,1372466
3604,5,1,6,16,1177027
3235,1,1,5,13,854901
1454,1,3,3,23,517249
3946,5,2,5,49,1139403
1545,1,3,1,36,363063
2193,4,1,3,39,712846
3936,5,3,4,38,1111643
1062,1,2,5,31,621602
2985,2,3,9,35,1236052
3854,5,2,4,49,1043868
725,5,2,3,36,614434
1459,4,1,1,47,440182
3567,3,1,6,13,1076576
1315,3,1,7,26,864155
3620,4,2,8,18,1298634
516,4,3,1,30,421023
1743,4,2,4,45,755307
2705,3,1,5,8,900259
3024,4,1,2,37,735007
1569,1,3,1,16,388840
3944,5,1,8,18,1378368
3065,5,1,6,43,1067728
1560,2,1,5,3,722384
2827,2,3,9,47,1202339
3920,5,2,2,10,914674
801,1,1,8,21,800090
4776,3,3,9,3,1535864
1106,3,1,1,16,394459
3670,1,3,7,7,1121789
1199,3,1,8,45,916232
1639,4,3,3,33,694828
690,5,1,4,10,684628
2800,5,2,3,30,838504
1480,1,1,7,10,826374
3475,3,3,9,37,1348743
1684,2,1,3,20,560974
3827,2,2,6,45,1065235
3894,3,1,8,29,1256028
627,2,3,6,9,739340
2565,1,3,2,25,596491
2316,1,2,7,26,924901
1069,3,3,2,7,533988
2395,2,1,2,38,529646
3233,1,1,2,7,633446
4363,1,1,1,7,686900
4514,4,3,1,33,878018
3401,4,1,7,15,1166206
2186,1,1,5,40,707855
3509,3,1,3,12,823940
654,5,2,1,22,443493
3037,5,3,6,11,1160847
1909,1,3,1,26,436622
4557,1,3,9,21,1390775
1284,1,2,2,31,407191
3675,3,3,1,48,703161
4841,4,2,7,26,1378501
3306,1,2,6,1,997997
1037,1,3,6,44,701840
2341,2,1,5,32,770339
2955,3,1,4,25,828883
1024,1,3,4,27,536814
3450,2,3,3,18,840754
4631,5,2,8,42,1465100
4615,1,3,7,4,1243816
2868,1,2,9,32,1160393
4347,2,3,1,19,775335
4995,3,1,7,29,1315352
3201,1,1,4,44,735841
1471,5,3,7,7,1051025
1666,1,2,1,37,338283
3274,5,1,5,16,1037890
2482,4,2,3,43,754701
1353,4,3,5,0,856485
4646,5,3,4,2,1204889
4236,3,1,2,45,787177
4269,1,3,4,25,953951
1074,1,1,3,30,408744
3761,4,2,1,7,796810
1648,5,1,8,42,1065880
2215,1,1,5,45,701023
4354,1,2,4,7,957630
2991,3,1,5,34,887473
3160,2,1,4,38,786689
3624,4,3,3,27,922269
3551,4,2,5,3,1085070
504,2,1,4,15,486569
1376,1,2,1,12,326171
1491,3,2,3,19,628010
4642,3,1,8,4,1381845
4864,4,3,7,36,1407122
4965,3,2,2,19,929355
1135,2,1,1,23,315967
2193,1,2,3,35,558618
2182,2,3,5,33,814906
619,5,3,1,44,435001
1330,4,3,3,47,635046
4175,3,1,3,33,874304
1869,5,1,5,18,900968
1240,3,3,3,16,606027
616,1,1,9,4,856218
3338,1,3,1,24,615957
1650,1,1,4,17,598914
2431,3,3,4,49,793026
1512,5,2,1,7,547029
2164,1,3,2,26,550758
1581,5,3,1,14,610729
1012,3,1,6,44,731041
3349,5,1,3,12,897591
1059,3,1,7,15,853444
4172,3,1,5,21,1073346
3843,4,1,9,19,1401770
4570,3,1,7,12,1293469
1970,3,2,4,19,731370
1080,2,3,5,1,702599
2794,1,3,5,34,842314
3647,4,3,5,46,1097816
4749,4,2,9,18,1528512
2179,4,3,3,44,740865
4006,2,2,6,36,1070670
3244,3,2,8,5,1249974
3856,1,2,9,13,1267695
4545,5,3,7,3,1443714
1743,3,2,3,21,641558
3618,2,3,1,38,671437
2641,3,3,4,35,848681
3559,3,1,6,33,1065613
3459,2,1,3,26,746046
2765,4,2,1,6,652387
2979,4,2,6,2,1098360
2135,1,3,1,46,415291
2257,1,2,9,32,1079970
4952,4,2,1,1,930301
2570,5,3,6,41,1089693
3349,3,2,1,15,658441
3751,5,2,7,24,1279776
4230,3,3,3,14,975218
2989,4,3,6,23,1106210
2131,1,1,7,14,883592
3316,1,3,1,30,596250
1515,5,1,1,13,524939
1848,1,2,5,13,731737
3587,4,3,6,5,1180423
3339,5,3,9,13,1467589
835,3,3,1,16,405529
1395,1,2,4,17,597134
4046,2,1,8,19,1225338
1351,1,2,9,16,967038
2187,3,2,3,15,678690
2431,5,3,2,39,737478
4246,3,1,4,38,988651
2927,2,2,2,31,622403
2068,4,3,1,43,589781
4500,1,2,3,8,879137
3238,5,2,7,26,1244663
3998,4,3,1,45,806592
4413,3,3,2,32,879428
1566,5,1,1,9,538648
4880,4,2,8,16,1487606
2944,5,3,5,48,1053309
4607,2,3,8,48,1354697
3873,2,1,3,35,807943
4469,1,1,7,16,1163065
3046,1,3,8,17,1127460
1253,2,1,6,22,723640
2582,5,3,7,33,1193852
3274,2,2,2,7,688044
3396,1,1,8,12,1122708
4685,2,2,5,22,1094288
1275,2,2,7,19,852405
2125,5,2,1,21,606821
3569,4,3,5,46,1074796
917,1,2,1,22,268513
614,5,2,8,40,1002417
1116,2,2,4,34,572098
4474,2,3,4,2,1063816
3767,4,2,2,33,846058
1325,1,2,5,32,634097
2016,1,1,1,45,351016
3646,3,3,9,16,1401491
912,1,2,5,44,558985
1228,4,1,6,18,844158
3848,3,3,2,29,813623
3308,3,3,1,22,691108
1175,2,3,4,14,638009
3965,2,3,7,13,1210609
3004,1,3,6,1,978168
3467,3,3,1,38,678693
3286,2,2,1,48,574449
1622,4,2,8,17,1084058
4579,2,2,4,5,1027598
2071,2,2,5,31,757963
2643,3,1,7,20,1044201
2187,3,2,8,39,1077283
4632,5,3,7,27,1429893
4351,4,2,2,26,926968
3940,3,2,4,1,1019674
4266,1,3,1,32,717124
2826,4,2,9,15,1319927
3414,4,2,3,38,879893
4452,3,2,3,21,951531
1095,4,1,9,42,1035685
1228,3,2,3,46,558246
1865,2,3,8,12,1035744
4992,5,3,2,1,1113545
1198,2,2,3,13,534100
895,3,2,2,37,450425
4671,3,2,1,40,792127
4860,2,3,2,27,889153
3002,1,3,8,6,1120173
2319,1,1,9,17,1052666
1217,1,1,2,40,330722
3282,3,1,7,35,1089994
4077,4,3,5,40,1128287
643,3,1,3,35,465153
3640,4,2,9,43,1364138
4991,2,2,6,3,1230243
3438,5,3,1,29,821253
4136,4,1,5,23,1106954
3722,1,2,7,19,1103932
1667,3,3,4,45,733591
3116,2,1,8,30,1103837
1562,1,2,5,23,664585
2656,2,1,9,6,1172437
3482,5,3,9,25,1472331
3794,3,1,9,12,1340185
1656,3,3,1,7,521993
1232,5,1,2,4,590074
4830,3,2,3,43,979949
1453,4,3,4,12,753362
3039,2,3,9,28,1265714
3824,1,3,6,19,1072453
3801,5,1,1,13,810923
2042,4,1,9,31,1155370
1691,1,2,6,49,750424
3493,1,3,4,26,848140
3181,5,3,4,24,1004737
1717,4,1,3,3,669051
2040,1,1,7,20,862801
3736,1,2,3,17,778364
2886,4,2,2,38,746612
4219,3,1,8,14,1297530
1888,1,3,4,37,652849
2356,2,2,8,47,1048807
1865,4,1,1,23,501216
999,1,1,5,7,598039
2180,5,3,9,27,1310968
1010,2,1,1,20,296479
4812,1,1,4,15,967597
1824,2,2,6,15,839374
1655,2,1,8,34,940174
2327,3,1,3,16,688573
3641,2,2,5,8,1001970
3986,3,3,7,34,1256583
2310,4,3,1,28,631739
3423,3,2,7,38,1136790
2714,5,2,8,17,1261401
4686,1,3,8,11,1316486
1213,4,3,9,18,1124681
4102,4,3,6,47,1209917
4634,5,3,6,21,1366321
4022,3,3,2,48,831013
4768,1,2,3,14,910033
1743,3,1,4,0,726824
4209,2,3,4,1,995373
1581,3,3,8,7,1065163
955,4,1,1,21,423325
1394,1,1,4,24,541875
1884,3,1,4,1,714820
2458,1,1,1,8,439519
3572,1,1,3,8,759684
2496,2,1,5,12,819267
4785,2,2,6,5,1197173
1004,4,1,9,29,1036813
1714,5,1,9,14,1201809
2031,1,2,9,14,1039757
3940,5,1,1,49,802558
1323,4,3,9,6,1175071
1428,1,3,8,10,959566
633,1,1,2,39,285167
2605,5,2,1,37,678841
4127,3,3,1,39,756298
2352,2,2,6,1,903876
4675,3,3,9,47,1484635
3433,5,1,7,38,1208794
3784,2,2,5,9,1000657
4798,3,2,2,43,909950
3311,2,2,1,16,608616
1750,1,3,2,6,505383
4012,3,3,1,39,767100
1756,2,3,3,38,585394
3876,2,1,6,3,1074940
3986,2,3,8,34,1273824
4084,3,1,3,46,869746
1896,4,2,9,35,1154596
4137,3,2,5,30,1093995
3830,5,1,7,24,1288006
3203,3,3,8,40,1230144
970,2,1,3,12,475525
1853,1,2,2,17,478576
3283,3,2,2,20,726541
3331,3,1,5,47,928320
857,2,3,1,0,383124
3519,1,3,2,35,687451
1167,1,1,9,49,896131
4968,5,1,7,7,1423493
1645,3,3,6,47,880935
4685,1,2,9,20,1375687
4219,1,1,7,42,1094684
3245,4,3,5,20,1073100
1039,4,3,9,26,1106727
3279,1,2,6,18,961057
4636,5,2,6,22,1328618
4275,1,2,4,49,889015
3008,2,2,1,42,564528
3279,3,2,5,34,975684
1424,5,1,9,39,1143628
3456,2,3,8,41,1209987
2081,5,1,8,47,1123956
3824,2,1,5,4,997495
4985,3,1,9,40,1439304
755,3,1,3,7,501254
2338,4,1,3,10,724206
2444,2,2,1,15,519751
509,4,2,9,38,1008986
3371,2,3,6,46,1029627
1297,4,1,2,23,517518
1515,3,3,8,20,1030945
2324,5,2,9,22,1289922
4969,4,2,9,48,1526506
3636,2,2,2,37,702122
2693,2,1,2,46,571279
723,3,1,7,7,826945
4658,2,2,4,6,1019065
4425,1,3,1,1,732749
4500,5,3,8,29,1505129
2133,4,2,2,12,668472
2652,5,3,3,22,892781
1010,3,2,5,28,696695
884,4,3,3,37,581144
904,4,2,7,36,902558
2500,1,3,7,19,991011
3256,3,1,2,32,684336
2168,2,2,7,28,940135
1960,1,2,6,49,767160
4136,1,3,9,14,1350312
3224,5,2,9,22,1396267
4678,5,2,2,41,985684
2548,5,2,7,2,1160003
4646,1,1,5,36,1014148
1216,2,1,6,28,717480
2323,4,3,1,44,589683
2581,5,1,7,7,1161955
3919,2,3,6,21,1120605
2074,3,1,4,28,728829
749,5,3,1,1,511701
1173,4,1,9,40,1036836
2665,3,1,4,48,773832
1270,3,3,2,49,491401
4462,4,2,8,44,1386743
4863,5,2,2,0,1050017
2484,1,1,5,43,727383
1577,4,3,6,19,935368
735,4,2,8,20,966480
888,4,3,1,36,459987
3537,3,2,1,7,719084
2348,2,3,4,26,783774
3314,1,1,5,46,818647
3874,5,3,9,34,1477541
3778,5,2,7,5,1310776
1752,2,1,7,44,836750
4481,4,3,8,43,1439920
2622,1,2,5,18,788546
2650,5,1,5,17,986534
1829,5,3,1,0,635928
1858,4,2,9,24,1196656
2982,2,3,6,26,986550
2517,1,3,9,6,1174932
1831,2,1,3,43,542303
4844,2,1,5,41,1067464
4761,1,2,2,28,818173
1858,1,1,5,30,659069
3677,5,2,8,43,1334899
2628,5,3,2,42,754598
2680,1,3,8,35,1061664
637,3,2,4,18,599555
3972,5,3,1,5,903592
3332,3,1,5,24,941460
4079,1,3,1,30,693734
3531,5,1,7,8,1273169
4664,2,2,8,19,1325150
3093,1,2,3,9,714163
4800,4,3,3,36,1077571
4318,3,3,7,26,1296828
4638,1,1,4,12,936283
4323,1,1,3,40,809800
4542,5,3,8,1,1543985
2406,5,3,3,49,831766
1260,5,2,7,20,986641
3945,4,2,2,32,853119
1399,5,2,1,23,520277
4955,1,3,6,43,1185989
3447,5,3,8,41,1350585
2219,2,3,1,33,505513
780,5,2,9,8,1113400
3766,4,3,3,1,965110
2387,2,1,3,29,645262
3766,1,3,4,21,872050
1166,1,3,1,45,308991
4688,3,3,9,10,1512541
1171,2,3,3,42,510638
2469,3,3,4,16,820943
4656,2,1,1,35,729455
3622,2,1,4,12,871798
4400,4,3,1,6,903087
1023,3,2,5,15,720338
2893,4,3,5,32,1005034
3617,2,3,7,44,1137947
3093,1,3,8,0,1153947
2468,2,2,4,10,767865
2253,4,2,7,5,1069205
2796,3,2,4,19,865589
2761,3,1,3,34,713802
2786,4,2,6,43,1046376
4702,3,1,4,36,1034330
3378,5,1,3,40,886041
4643,1,2,9,25,1374412
4144,1,2,5,11,984076
4932,1,2,7,29,1220103
2555,3,1,6,27,932377
1776,3,3,5,26,827463
3266,2,2,7,41,1065782
802,2,2,6,18,735889
1138,1,2,2,4,398251
555,5,1,3,4,587628
1025,2,1,2,40,384066
4623,2,3,3,26,971941
2625,3,2,1,27,575934
3787,5,1,8,25,1350350
864,1,3,6,26,684821
2146,2,2,2,48,525745
1418,5,1,8,41,1063874
3297,5,2,6,20,1167227
2031,1,2,7,0,926679
3845,5,1,1,27,788575
2406,5,1,7,47,1071771
3586,5,1,3,14,922212
2575,2,2,8,16,1076449
1213,1,2,6,25,729237
1562,5,3,4,19,820833
2476,5,2,8,24,1232310
1796,2,1,9,12,1068229
625,1,2,2,32,324533
4096,3,3,6,24,1193661
3783,2,3,5,7,1053949
2103,1,1,5,4,732268
566,5,1,3,5,602231
732,1,3,8,22,858162
2656,1,3,8,29,1063732
1669,1,3,5,13,742169
2658,3,1,8,22,1114372
4706,1,3,8,10,1345334
1993,3,3,3,30,693817
4507,5,1,2,5,961496
2972,3,2,9,10,1265607
3160,5,2,2,12,836622
3239,5,3,9,11,1433444
2261,3,2,4,1,796193
4014,2,2,2,34,776629
2475,4,2,1,35,584271
2862,1,2,4,16,739047
1376,4,3,9,27,1147643
4312,1,2,9,27,1328430
3948,1,2,4,21,866425
1812,5,1,9,37,1176748
1960,1,3,6,6,835052
3209,1,1,1,14,516542
2824,3,1,6,31,979675
2233,4,3,9,10,1252230
2105,3,2,2,23,604091
3063,1,1,6,2,941790
3921,5,3,2,29,921867
4017,3,2,4,5,1019870
2897,3,3,8,1,1208423
4235,2,1,7,13,1193590
3370,1,2,9,40,1182817
1660,5,2,7,17,1038766
742,3,3,1,43,363466
3090,3,2,2,30,721550
1563,5,1,6,12,926432
4824,1,1,7,25,1202575
3095,2,1,3,43,679634
1419,3,3,9,11,1134032
505,2,2,7,17,772432
967,4,2,6,8,846018
4670,1,2,6,48,1105041
503,4,1,1,20,357487
1145,4,2,5,47,765120
617,4,1,3,48,494119
3428,1,2,7,39,1039698
3051,1,1,3,42,627411
4789,5,2,5,23,1250228
1346,2,3,7,33,892256
3262,2,3,3,7,822462
1641,5,1,2,43,578154
2310,5,1,6,32,1011920
1223,4,2,8,22,1018128
724,5,2,4,12,693614
4708,3,3,9,48,1490753
2548,2,2,8,13,1084957
4915,5,1,7,13,1400159
2073,3,1,7,15,991785
2328,3,1,3,48,667079
2417,3,1,6,37,900429
4734,3,1,5,38,1105032
2526,4,3,1,25,657195
4244,3,3,3,25,963219
1401,4,1,1,0,473744
2539,4,2,4,31,835415
509,3,1,3,14,471395
760,2,3,4,20,578622
2173,3,1,9,17,1162897
2719,3,3,3,29,764407
2560,3,3,6,12,1030880
4213,2,1,6,23,1085166
2119,1,1,7,29,878023
820,1,2,9,1,941410
1842,4,3,7,18,1048676
2876,4,2,1,46,644468
3332,2,1,8,43,1116948
3324,5,3,5,46,1080978
2494,1,2,9,24,1121460
3458,4,2,5,49,1024843
2538,1,2,5,13,788720
3990,2,1,2,5,763729
4177,2,1,3,11,857837
1618,5,1,9,19,1166283
2104,5,3,7,22,1138837
4527,2,1,1,29,709200
735,4,3,3,29,602756
2469,1,2,2,37,527535
4929,3,2,1,29,845830
2408,5,1,9,40,1259841
875,3,2,8,29,924409
4030,4,1,5,35,1091235
3135,5,3,2,48,810646
2070,3,2,1,33,516057
3060,4,1,7,15,1143407
3891,1,2,2,23,702672
3465,4,2,1,13,736240
4143,5,1,2,25,898659
4350,2,2,7,7,1236139
1372,1,2,7,13,816407
1752,3,2,6,30,872583
1814,5,2,5,1,934392
3398,2,3,3,47,790433
577,4,2,3,3,575728
3121,2,2,9,0,1261040
4727,5,1,4,19,1144024
1100,5,3,9,13,1197079
1565,2,1,4,39,599291
2636,4,1,2,24,697588
2949,2,1,4,24,774598
2843,5,3,6,2,1174757
2363,5,1,6,4,1052375
1818,3,1,5,37,776292
4097,3,1,1,25,733472
4262,1,2,3,39,834302
2690,5,1,5,37,958664
1492,3,3,6,37,864882
3212,2,3,1,3,640617
2692,4,2,9,6,1288884
1748,2,3,3,29,599354
3554,4,3,3,29,920898
4533,3,2,2,18,910814
2497,1,1,8,38,984748
4187,2,2,3,34,858859
2651,2,1,6,39,891659
4518,2,1,2,32,792995
3610,4,3,7,32,1248733
2470,3,2,4,13,822915
697,2,3,9,37,972561
3126,2,3,9,9,1278442
1702,1,1,7,27,807463
2535,1,3,8,13,1061473
977,3,2,3,35,545759
1754,3,3,5,37,817640
1422,5,3,2,15,644489
919,1,1,7,20,735936
2704,5,2,8,27,1237828
3097,4,3,9,32,1347564
1620,5,1,7,5,1048335
3568,2,3,8,40,1237292
1450,5,2,9,14,1171983
2836,3,3,6,43,1022210
2743,4,3,2,2,771789
3145,2,1,2,42,616673
2357,5,3,4,46,908579
2365,4,1,9,34,1187694
3412,4,2,7,13,1220783
3353,2,3,2,1,762534
3728,5,2,8,28,1356260
4219,4,2,7,3,1307080
3728,4,3,9,25,1447606
2871,1,1,8,11,1040574
3391,4,2,3,1,924747
4256,1,2,1,16,694093
4725,5,3,2,34,1040525
594,5,3,2,9,581257
3174,5,3,4,47,980995
2455,3,3,6,21,1004707
1293,5,3,4,40,785646
2334,4,3,9,42,1241148
2616,2,1,4,20,742560
4606,1,2,6,14,1140878
3825,3,1,6,34,1101136
3419,5,1,1,47,719408
3097,5,3,8,20,1336582
3705,2,2,3,20,807427
1314,2,1,6,20,743670
845,3,3,3,43,553655
2849,1,3,2,31,610867
862,5,2,5,4,810341
2943,3,1,1,38,571437
2765,4,1,9,8,1255443
2688,4,1,7,17,1099289
3505,3,3,3,20,881687
3781,5,2,4,7,1078538
1484,3,2,6,43,805099
2139,5,1,3,33,757123
1327,2,3,7,9,889697
3230,3,1,6,40,1021522
4031,5,2,9,23,1480540
4951,3,3,5,39,1207870
3435,3,1,4,23,905684
4376,5,1,3,31,1032130
626,5,3,1,32,480910
3677,1,2,3,37,757109
3556,3,3,3,43,878141
1103,4,1,7,48,856862
3949,3,1,7,33,1177545
4646,3,1,1,10,813120
4033,5,1,3,30,983354
3867,3,2,8,17,1291126
3868,3,2,9,22,1388331
4297,4,1,7,21,1298643
2292,5,2,7,42,1096189
3361,3,2,8,17,1246714
3976,2,2,6,39,1072516
3917,1,1,3,46,747364
2145,4,3,1,40,584569
1705,3,3,7,46,964843
3530,2,3,1,38,666616
3372,3,1,1,19,628834
3572,3,2,9,12,1359038
2354,5,2,7,44,1093269
4521,5,1,4,0,1142679
3208,5,1,6,3,1127310
4002,2,3,1,23,740541
1832,3,3,7,35,989817
701,1,1,6,35,625551
4007,4,3,4,44,1026969
4712,5,2,7,1,1449066
1074,5,1,3,27,629429
1036,3,1,1,25,351662
2125,3,2,4,22,779417
2622,2,2,3,14,691618
885,2,2,1,35,328828
3781,5,3,2,26,916553
974,3,1,5,5,705371
917,1,3,8,34,865513
4100,4,2,1,38,774737
1454,3,3,4,37,706909
1705,3,2,4,34,681899
4620,2,3,5,35,1089739
2490,4,3,7,9,1152720
4072,5,2,8,29,1409075
4880,3,3,6,40,1278794
4658,5,1,1,37,886469
3213,3,3,7,28,1138933
2703,5,3,3,42,849442
3620,4,1,6,38,1111932
1466,2,2,8,49,925786
3932,4,1,7,3,1246433
1188,1,3,6,4,748055
4743,2,2,9,3,1433997
4201,4,3,9,35,1470292
841,1,3,1,44,275600
2224,3,1,1,15,522226
4922,3,1,1,24,830052
2292,5,2,8,13,1214903
2259,2,2,7,10,991884
3712,3,2,3,28,858374
1489,2,3,2,33,506403
2762,3,1,4,21,810845
2982,5,1,3,13,863588
1451,4,1,7,23,926350
1222,5,2,8,38,1060994
3889,1,1,6,25,990634
2579,3,1,3,42,690619
3217,1,1,6,35,908428
2832,1,2,2,38,591665
3876,2,1,7,15,1156643
2000,3,2,7,37,988614
785,1,1,4,31,478932
3995,4,1,8,5,1345421
2565,1,1,4,33,682502
1268,4,2,7,7,980683
3557,2,2,4,29,876956
4789,1,1,5,26,1015153
2661,5,3,7,6,1216055
3793,2,2,3,26,843621
1446,4,2,5,24,800604
3835,2,1,3,45,793956
4650,1,3,5,40,1055068
1981,3,1,3,14,652636
2401,3,2,7,24,1017039
3951,4,2,1,21,796670
4564,4,1,9,17,1497204
554,3,1,9,11,938763
2323,4,3,5,22,931451
3962,2,3,9,44,1344652
3579,5,2,6,38,1190082
1332,5,3,5,24,873380
4908,2,3,3,9,1025789
3306,5,2,8,29,1303639
2990,1,2,4,9,782077
827,2,2,3,33,463916
3810,4,2,6,45,1141952
3800,2,1,8,12,1210012
4175,3,2,9,28,1392175
3554,4,2,6,37,1111547
2643,3,2,5,40,898638
1811,4,3,2,44,629759
3691,5,2,2,8,919667
3038,2,1,9,12,1212370
4483,1,1,2,36,740262
664,4,2,2,13,467380
4777,4,1,3,36,1024054
1322,3,3,3,8,645481
1443,5,2,4,7,779208
4925,3,1,7,38,1306290
1274,3,1,9,39,1004981
2698,5,2,2,2,801538
3656,1,1,4,46,800145
4742,3,2,9,39,1457892
4195,3,1,2,32,815900
3952,4,3,1,31,805914
1414,5,1,8,6,1086875
1808,2,1,9,18,1053331
4677,1,2,7,33,1211293
1013,1,1,8,13,820517
2420,5,2,4,49,858508
4094,4,3,4,46,1053109
1909,4,2,2,45,589917
3690,5,2,8,18,1369832
4991,4,1,2,25,978154
2055,1,3,9,16,1096952
1304,1,2,4,27,569695
1779,2,1,1,18,394586
4077,5,1,4,26,1072006
3401,3,2,3,47,829820
1887,3,1,6,18,858436
3261,2,2,7,32,1060498
3179,2,2,8,6,1190799
2606,4,2,2,28,700745
4723,2,3,6,42,1184540
3268,2,2,6,4,1030866
4453,3,1,5,29,1075327
3686,4,3,7,48,1255176
3780,2,1,3,42,799230
3073,2,3,4,7,860939
3099,4,3,9,41,1359503
4533,5,3,4,11,1190547
736,4,3,3,41,581053
1804,3,1,2,12,547250
3930,5,2,5,25,1170487
1801,1,1,4,17,583095
3041,4,2,8,41,1216839
2551,3,1,7,48,987722
941,5,3,6,19,927980
2576,4,3,2,15,734260
3680,2,2,3,36,806770
3157,4,2,9,2,1365670
4298,1,1,9,26,1276350
1304,4,2,5,14,813089
574,5,1,3,33,553281
2675,5,2,2,44,754729
4424,4,2,8,21,1427824
2589,5,2,6,39,1070325
540,2,3,7,22,801847
2581,4,3,1,48,634280
2122,2,1,1,3,448287
841,2,2,2,40,382026
4552,3,1,3,22,930255
2574,4,2,1,46,604386
1145,5,3,5,8,873467
4763,2,3,3,23,960616
1109,3,2,1,20,414799
954,4,2,8,40,983808
3453,4,3,6,45,1131536
2208,1,3,9,15,1121845
3972,1,1,3,24,773909
3469,2,3,9,25,1284394
3528,1,2,9,48,1198802
3181,2,1,1,44,529349
4129,5,2,3,8,1035407
4725,2,1,6,14,1174317
3567,1,2,8,38,1143936
1886,5,3,4,32,862475
4276,1,2,5,0,1021408
3366,2,1,9,4,1251335
3863,3,2,6,8,1161645
4624,4,1,7,43,1293131
648,1,2,7,5,759644
4350,2,3,4,27,1010574
2558,5,3,4,44,912583
1636,1,2,4,25,602256
686,1,2,5,27,551443
3354,4,2,5,39,1006541
1750,2,1,8,14,982499
1833,3,2,9,5,1164055
4693,5,2,2,26,1015611
4650,2,1,7,37,1207361
3211,5,3,1,3,798227
2285,1,2,1,10,469014
1250,4,2,4,20,709605
2262,4,3,7,29,1104696
4420,3,3,2,17,904732
4960,4,1,2,34,969032
981,1,2,1,2,315196
653,3,2,2,11,426805
2024,2,1,7,26,920370
2620,4,3,9,29,1305167
2843,3,1,6,20,976370
1740,1,3,2,37,475959
560,5,1,9,20,1034764
1438,5,3,7,37,1036779
2139,1,1,1,39,385626
4620,1,3,9,14,1416987
4726,5,3,2,17,1033484
4069,3,3,4,28,1004598
1752,5,3,9,47,1214719
4703,1,3,4,37,974758
671,4,2,3,20,542972
1958,2,3,1,16,490632
4049,4,2,7,40,1279073
4697,4,3,6,17,1310505
2822,1,2,4,36,737985
2136,5,2,6,37,1009679
3615,3,1,6,11,1071599
4590,4,3,4,10,1153853
3504,5,1,6,47,1148372
829,3,1,8,48,869164
4140,4,3,3,19,992815
4394,3,1,4,8,1030945
4607,5,3,1,0,961497
1841,2,1,4,2,670871
4163,5,3,9,20,1551623
715,1,3,8,22,856543
838,3,3,4,8,659081
4562,2,2,7,18,1240171
3208,3,1,3,44,759704
3652,3,2,9,45,1321663
2250,4,1,4,18,799568
2921,1,1,2,22,552454
1209,3,1,5,26,690489
4226,5,2,2,26,962530
4142,5,1,6,38,1229848
4493,4,2,1,35,832332
988,1,3,6,11,734918
546,1,1,4,26,420297
3859,5,1,3,45,937843
900,2,3,2,33,440186
4490,4,3,7,32,1367970
3657,4,1,9,27,1362301
4845,5,3,3,30,1113839
890,5,2,6,31,853604
4353,2,2,9,49,1346572
4930,2,1,2,19,864253
1128,1,2,7,39,768331
4732,4,2,5,34,1175829
3430,4,1,5,30,999468
2021,5,3,7,30,1126232
1326,1,1,9,37,926724
2000,4,2,4,21,801135
3794,1,1,9,44,1221824
2919,1,1,9,40,1128198
1434,5,2,4,8,804927
3542,1,2,3,8,757720
4997,2,1,2,14,885723
1966,2,2,9,12,1118353
4061,3,2,2,21,842629
1114,5,2,6,15,899029
1682,3,2,5,31,770383
3723,2,2,5,1,995220
3167,3,2,4,25,899593
630,5,3,6,13,891125
3483,5,1,5,37,1046908
4778,1,2,4,33,964858
4959,4,1,9,7,1537071
538,1,3,6,35,654534
4459,5,2,3,20,1080478
4087,2,1,6,45,1043100
1420,2,2,1,42,374645
3269,1,2,5,27,855518
4611,5,2,6,45,1298240
992,2,2,8,43,865378
1631,5,2,9,47,1169069
4021,2,2,3,5,869163
810,5,2,2,19,556474
1238,3,3,4,30,698473
3741,5,3,8,32,1415549
1045,5,2,8,43,1029032
2961,1,2,3,6,706464
4846,3,3,4,7,1126841
2304,4,3,3,8,815571
3712,1,3,2,1,753696
4310,4,2,4,16,1084685
1313,2,1,6,44,706420
4624,4,1,5,36,1143799
2532,5,1,3,41,796177
4913,4,1,2,43,924971
744,1,2,9,16,892866
771,1,1,1,37,219832
4011,4,3,9,34,1460375
2271,1,3,1,46,461410
1762,1,1,7,38,822247
2924,4,3,6,29,1092264
4861,3,2,7,5,1357245
1420,3,1,3,3,570489
3930,2,1,3,36,799842
4935,1,2,1,34,768178
4984,4,3,4,8,1196513
3124,1,2,2,5,653162
4260,5,2,8,12,1440183
2550,1,3,3,21,649671
4000,1,2,7,27,1127133
1665,3,3,7,29,951214
875,4,3,9,35,1081242
2533,1,2,6,1,908144
645,3,3,1,35,380779
4888,2,2,8,7,1374791
931,3,3,1,44,389569
1204,3,1,3,41,535156
3132,3,3,5,49,968896
4994,1,3,8,8,1371227
1463,1,2,9,0,1011600
2734,2,3,7,12,1071362
2541,5,1,9,49,1262121
2328,5,1,3,14,772193
2608,5,3,5,31,1006712
4568,2,3,8,33,1349667
1438,5,1,1,42,490729
1306,5,2,8,30,1081650
1963,3,1,7,13,947583
3915,1,1,1,46,564782
510,1,3,6,13,662505
2368,3,3,1,47,553306
1384,3,1,2,28,469281
4064,3,2,5,46,1048590
1889,1,1,2,18,451711
3901,5,1,1,26,805756
4821,3,2,6,8,1257834
1324,2,1,8,36,900212
2765,3,1,8,36,1114130
1436,4,3,8,42,1055685
3300,3,2,6,27,1049108
3053,1,3,3,23,706720
4345,3,3,1,27,798025
2296,4,2,2,35,678757
553,2,2,5,17,590583
1226,5,1,5,24,822998
3236,3,3,1,34,663477
3670,4,2,1,3,795160
2413,4,3,9,13,1280206
2096,2,3,2,38,572544
2414,1,2,7,25,919467
2966,3,1,4,7,852122
3237,4,3,7,23,1231507
1349,2,2,8,15,936240
2609,5,1,5,19,986772
502,4,3,1,14,435459
4755,2,2,4,6,1037541
4569,1,3,3,16,908273
1392,1,2,5,21,650660
2530,4,2,6,21,1022793
3660,4,3,2,11,879448
2876,3,3,7,17,1113147
2433,2,2,3,45,631220
1880,4,1,1,46,507196
4181,3,3,3,14,956732
1790,3,2,9,36,1114623
2140,4,2,6,15,970115
3182,1,1,6,4,930471
1487,2,1,4,1,625698
1718,2,1,8,27,954259
1855,1,3,5,40,738491
4765,4,2,7,26,1382792
4635,2,2,9,30,1417576
2060,4,2,5,40,858177
1918,4,1,5,35,831854
1454,3,2,4,46,672458
1483,1,3,6,42,745178
1474,4,1,2,0,568668
4633,5,1,3,49,1027461
4472,1,1,1,28,661093
1413,2,1,2,0,477757
536,3,3,2,7,452530
3887,2,2,8,15,1240129
2211,2,3,8,27,1075701
3520,1,2,2,21,680908
1295,2,3,6,17,809542
4536,4,1,5,21,1142236
3611,2,1,3,40,743695
1824,3,3,5,11,859329
817,3,3,5,18,723837
2896,5,2,5,24,1034302
2662,3,3,3,49,757468
3245,2,3,3,4,815643
2091,3,2,4,33,757299
3611,1,2,7,38,1083100
4430,3,2,2,9,903340
2496,4,3,4,46,863504
1812,1,2,4,6,621490
1785,5,1,1,36,524790
4811,4,1,8,46,1396482
2883,2,1,1,14,535065
3739,2,3,8,41,1255179
2639,2,1,7,23,1000321
2204,4,3,9,25,1241108
862,4,3,8,25,1026956
3104,4,1,5,45,959101
2216,1,2,8,25,972396
4951,1,3,3,9,980908
4786,2,1,7,16,1252757
4238,3,3,4,13,1061800
2969,2,2,5,1,906202
1056,5,2,9,47,1097786
1325,1,1,7,12,779089
3308,4,3,4,26,993560
3219,1,3,6,8,986447
4008,4,3,7,6,1317776
4241,5,3,9,47,1523084
2074,5,1,4,9,840309
4498,1,2,3,8,896761
2629,4,1,8,21,1175895
2903,5,3,1,22,734477
3829,2,3,9,6,1349839
1088,2,2,1,47,317924
2512,4,3,2,8,760405
2047,1,1,8,26,948434
794,5,1,9,23,1062573
2485,1,2,7,28,929532
3617,2,1,3,16,768655
2190,5,1,7,19,1076201
1636,1,1,6,6,759692
2564,3,1,2,42,588019
4955,4,3,3,39,1081846
1507,4,1,5,6,792949
3014,3,2,4,27,868438
4026,2,2,2,18,788211
1747,5,1,4,19,783957
4402,4,2,8,43,1382002
1935,3,1,5,38,757665
1071,3,2,5,39,705142
2882,2,2,3,6,726640
1745,2,1,8,5,989939
2584,1,1,6,24,862731
777,4,3,2,40,485840
2387,1,1,2,12,499958
1765,3,1,9,38,1073427
1540,5,3,7,39,1055169
1417,5,1,9,21,1160485
1385,2,1,6,48,724889
3252,5,3,5,16,1110163
521,5,1,1,47,393989
3691,5,1,6,21,1192323
2853,3,3,6,33,1010318
1186,5,3,3,7,698858
784,5,2,3,48,599484
4247,5,1,3,44,975623
1262,1,2,3,17,499811
2928,3,2,7,23,1103002
3007,2,3,2,41,663307
528,1,1,2,1,282565
1406,4,1,3,1,645129
3604,3,3,7,26,1198922
4499,3,2,3,13,983170
3494,4,3,7,47,1228388
3006,4,1,9,38,1258411
4109,4,3,4,11,1110989
4053,2,1,7,31,1144864
1953,5,2,9,27,1247522
3856,3,1,8,27,1275216
1015,5,2,8,45,1045598
538,5,2,9,24,1072111
3842,4,1,5,3,1081423
1386,2,1,5,25,667816
3344,1,2,3,35,705368
2704,2,3,5,49,872924
1598,5,1,8,2,1114494
2323,2,2,5,0,853331
3701,4,2,4,16,1014535
3655,1,3,8,6,1207989
3593,4,1,7,47,1181904
4030,1,2,6,4,1068282
4278,5,3,5,18,1249670
3396,1,2,5,38,866779
3953,1,1,2,45,661906
4011,1,3,4,33,890474
1488,2,2,8,34,933326
4616,2,3,8,48,1327150
4526,5,1,1,15,885885
4679,1,3,2,39,808382
2182,3,1,5,49,774062
4463,5,2,9,46,1526610
1433,1,1,7,38,788229
4098,1,2,5,26,964810
3733,2,2,1,40,631534
2480,5,1,6,37,1037097
2355,1,2,8,49,974757
3556,1,3,7,49,1077295
1292,5,2,2,24,598985
1291,3,1,5,25,704882
2309,5,3,4,13,939370
2755,5,3,9,13,1392759
4110,3,2,1,13,775052
2107,5,2,6,24,1029524
1484,1,1,3,35,454876
4176,5,3,9,3,1562570
3880,3,1,5,46,1014446
1019,4,2,6,14,845784
1090,5,3,9,31,1169841
1550,2,1,9,17,1009715
4133,1,1,8,13,1204763
4944,1,1,9,0,1376650
1459,2,1,4,41,565988
1192,2,1,6,19,751115
4399,5,3,5,9,1260014
4973,2,1,5,9,1101347
3446,4,3,4,23,1010543
1026,3,1,2,33,412533
3724,2,2,6,27,1064918
2753,2,2,9,26,1186915
3844,4,1,1,39,723232
4465,1,2,7,0,1189257
2375,1,3,6,32,861464
2263,5,1,3,3,769710
1020,4,3,1,6,498664
1516,3,1,4,8,686706
616,3,2,9,15,978728
2933,4,3,2,4,816305
1083,3,2,3,33,531041
894,1,2,2,22,374502
4288,3,1,2,42,801493
3268,3,3,8,49,1205831
4667,4,2,3,24,1047257
4360,4,1,7,12,1320355
773,3,1,8,23,909361
2513,2,1,3,10,660568
4933,4,2,2,16,997843
1889,5,1,8,36,1123962
4066,5,3,3,12,1068894
665,1,3,7,26,767515
2067,3,2,1,19,514420
1228,2,3,6,32,783572
2543,1,1,9,41,1072334
4697,3,2,3,31,969501
3996,4,1,7,7,1248614
1278,5,2,6,28,934473
713,2,2,8,39,850923
4262,5,1,3,18,1015750
2076,4,3,3,5,793420
2948,3,3,4,43,856703
3436,4,2,3,38,868889
3617,4,1,9,47,1325833
1091,5,1,4,40,709127
3220,2,2,6,20,1011687
1213,4,3,8,21,1068531
1435,5,1,8,41,1062569
4837,2,3,5,9,1164463
501,3,3,5,9,695017
3348,3,2,6,28,1066770
4544,1,2,7,15,1216179
2449,5,3,7,0,1193994
1417,2,1,4,16,603090
3674,4,1,6,29,1123005
2741,3,2,7,25,1082478
589,2,3,5,45,616076
2209,5,1,5,18,934205
2669,1,1,2,20,542860
4738,3,2,7,16,1341533
3541,2,3,6,45,1053494
605,2,1,1,39,248219
1386,2,2,4,20,620189
927,5,1,3,40,571898
2395,5,1,3,39,760522
816,5,1,7,44,887255
1134,4,2,4,48,669757
2425,2,3,8,18,1111223
2556,3,2,9,6,1240534
3644,5,3,3,16,999355
2770,5,1,5,0,1003658
1939,2,3,4,36,717207
1052,5,1,6,5,871379
1215,4,1,4,25,670314
4411,4,2,8,1,1429237
2213,5,1,3,31,763657
3889,2,2,5,47,977468
1607,2,3,1,4,463901
4706,2,3,6,36,1188667
750,1,1,5,30,535544
2930,5,2,8,11,1290614
2554,2,1,9,34,1117275
958,4,2,8,29,998592
707,3,2,8,47,887192
1399,3,2,3,5,616533
3961,2,3,4,14,952899
3885,3,2,4,14,993958
521,3,3,5,15,706280
909,1,2,9,19,932898
1394,4,3,9,12,1151732
1014,4,3,1,43,466601
4609,1,3,8,41,1287420
2634,1,1,1,45,413867
4095,3,2,2,30,827239
3456,5,1,7,33,1203875
2060,3,2,8,28,1056219
1766,1,2,1,2,400534
2669,4,1,3,8,788470
4138,3,3,7,10,1277488
1249,5,2,9,10,1158478
3927,3,3,8,24,1327821
2427,2,1,8,21,1034159
4304,3,3,9,41,1453660
4202,1,2,3,45,793739
2856,4,2,8,8,1252397
2835,4,2,1,19,666802
806,1,1,8,20,806412
4165,2,2,7,9,1212560
2489,1,1,8,21,980600
1161,3,3,1,28,435405
811,1,2,6,8,682245
3420,1,2,7,4,1062015
1582,2,2,5,39,727923
3471,3,3,5,10,1029303
1254,5,2,7,0,1010085
4630,5,1,3,41,1033792
852,4,3,6,0,855571
1402,1,3,7,38,842096
4388,4,3,1,45,834406
658,2,3,2,4,438657
2477,5,3,4,48,926826
1456,1,1,8,21,888750
2571,2,3,6,25,946295
903,2,2,1,5,330909
3279,1,3,5,31,904917
1887,2,3,7,47,933398
3953,1,3,6,10,1088603
1455,1,3,9,9,1034584
2212,3,3,8,46,1116382
1773,4,1,4,38,742298
4311,2,1,5,33,1000153
3125,2,3,7,30,1098386
2882,3,1,8,11,1169653
1941,3,2,5,43,813725
3479,3,3,9,15,1348722
2297,5,2,4,37,877344
4890,5,2,4,2,1219632
4509,5,3,8,1,1512401
1894,1,2,1,4,432210
4781,2,2,8,10,1376127
1769,4,2,5,24,832353
4214,1,3,1,34,689347
1029,2,3,4,34,595515
4123,2,2,2,21,780492
3458,3,3,4,36,922447
3414,3,3,8,21,1283632
4091,1,2,5,10,1000345
2647,3,3,1,31,606211
3869,2,1,7,34,1129355
1439,3,3,1,30,448175
1025,5,1,9,44,1077681
501,3,2,3,7,497901
874,2,3,3,19,535745
2840,1,2,6,41,878269
4505,4,2,6,33,1243802
3552,3,2,6,3,1113168
2865,2,2,1,17,557785
2025,4,2,5,3,919599
4976,4,3,6,19,1344895
2146,5,1,8,8,1150488
513,4,3,1,15,406942
2778,2,3,5,25,883511
3655,2,3,3,37,838404
629,3,3,2,24,463739
4314,3,1,8,3,1335428
3716,3,3,7,40,1205611
3438,4,2,7,44,1200580
4428,4,3,5,40,1188616
2540,5,3,9,37,1313925
527,3,1,5,18,609610
2613,1,1,2,13,525398
1752,5,2,3,20,723374
4856,1,3,4,14,1020276
2546,4,3,5,2,1007342
4523,5,3,3,36,1094737
4896,5,2,7,49,1408633
3874,2,1,5,45,960446
3966,4,2,5,15,1103589
3581,4,3,6,13,1182801
4278,5,1,7,8,1338298
1129,4,1,8,46,945197
769,5,2,9,6,1108562
3139,2,1,4,13,807881
2493,5,1,5,5,970449
3391,4,3,5,20,1081326
3932,4,3,8,14,1399126
1780,5,1,9,7,1199473
2860,5,1,7,33,1146712
1075,5,2,5,39,808927
1807,3,2,3,0,670301
3692,4,1,1,31,722750
3678,4,3,9,48,1403312
3234,3,1,5,4,957528
2712,5,1,9,29,1291638
2852,2,3,4,21,818862
4068,5,3,5,19,1191562
2155,5,2,4,15,889924
2079,3,2,2,6,621947
2703,4,2,1,6,673321
1890,5,2,8,49,1128539
2242,4,3,4,49,828558
2425,1,1,5,1,776547
1119,4,2,6,46,837216
1774,2,2,8,13,1000167
1456,2,3,8,30,980196
2439,5,3,7,49,1136555
4453,4,1,4,40,1035046
2881,5,1,6,13,1090256
1468,3,3,4,4,746222
1816,2,2,7,10,932961
1543,5,2,1,39,547813
781,3,2,5,4,701393
3344,5,1,4,28,963647
1558,4,2,7,10,996589
4793,4,2,9,4,1554260
3032,4,3,5,48,992494
4328,4,2,4,31,1073423
1508,1,3,9,35,1005282
1729,3,2,5,14,802490
1535,3,1,9,18,1058893
775,4,2,8,21,961241
3240,1,2,4,33,795578
2789,4,3,7,16,1185523
1739,1,3,5,11,730331
625,4,3,4,24,666966
4565,2,2,5,16,1081075
4812,2,2,5,9,1110098
4368,5,1,9,27,1506123
1708,4,2,9,17,1154892
3749,3,1,6,17,1087128
1418,5,3,4,44,790597
4423,2,3,2,31,869487
4903,4,3,3,13,1103561
2469,5,1,2,15,725635
3293,4,2,5,49,1001159
1391,2,3,6,17,806296
4970,5,2,5,15,1274876
2533,2,2,2,16,592326
1864,1,3,5,6,763413
628,2,1,9,11,906818
1514,4,2,4,33,741475
2299,3,3,2,9,667495
2018,2,2,3,4,629324
4681,3,2,3,20,1011036
1698,1,2,9,2,1014784
4373,5,2,4,18,1146319
2974,5,2,1,44,684144
3985,3,1,1,43,684247
4549,5,1,7,34,1338467
4219,2,3,7,5,1237857
802,3,1,2,13,420875
4452,4,1,9,3,1465110
1486,2,1,9,44,998414
2363,2,2,5,17,815777
4940,2,2,3,28,962402
3572,4,3,3,34,905245
3624,1,3,3,37,780223
1827,5,3,6,15,1017243
2908,3,2,4,19,872049
4173,1,1,8,23,1195421
3791,3,1,5,34,997702
4533,5,2,1,43,900989
1203,4,3,9,18,1129847
1074,2,3,1,3,414922
3732,2,3,6,32,1087905
3132,4,2,1,1,705684
4328,1,3,3,12,886683
3730,1,3,5,44,948997
988,3,2,7,29,856888
1847,4,1,8,33,1077373
4181,1,2,9,29,1312435
3673,4,2,6,23,1176876
2167,5,2,9,47,1240620
2137,2,2,8,43,994263
4614,2,1,9,32,1378152
4053,2,3,4,40,943444
1500,4,2,9,48,1104455
1350,4,1,7,9,933607
1888,3,3,5,17,846479
4212,2,3,5,18,1076834
1867,3,3,1,6,528859
1321,2,2,2,18,452489
954,3,2,3,23,538813
2124,3,3,8,14,1112580
3272,5,3,6,40,1184432
4226,3,3,5,41,1119431
3647,4,3,1,22,802308
4589,3,3,9,3,1499625
2690,2,3,3,37,732792
1416,3,1,3,3,602554
4486,1,3,2,4,832950
3375,2,2,4,40,849944
1940,1,2,2,43,463160
4900,2,2,9,22,1438813
1235,4,3,7,39,943801
4068,4,2,8,36,1345090
3838,4,1,3,10,904893
3515,1,3,6,10,1017199
3389,5,2,6,12,1182519
1461,2,1,1,13,372515
3489,4,1,6,7,1129528
4348,2,2,3,24,901453
1526,1,1,3,17,502570
4365,5,2,3,43,1012654
3363,1,1,8,43,1092118
3001,2,3,5,17,916105
2447,5,3,4,9,943918
1677,5,3,9,6,1268566
511,1,3,9,49,871600
4899,4,3,1,43,928902
3864,2,2,2,13,766347
3522,3,3,8,14,1286705
3871,3,3,5,15,1091175
3330,1,3,7,1,1088606
542,2,3,1,29,292323
1443,2,1,5,29,657485
2890,1,3,3,17,720583
3045,2,3,2,30,668543
2911,4,2,2,43,742125
1504,1,1,9,47,925897
520,4,2,4,12,641700
906,2,3,4,19,606246
1514,1,2,7,48,812576
4931,2,2,2,49,880163
2338,1,3,3,34,634166
3688,2,1,3,22,810476
1214,4,1,6,41,802231
4646,4,2,3,32,1040956
4354,2,3,5,37,1057726
4919,1,2,4,34,1005701
640,3,2,3,35,479449
1463,4,2,8,19,1037448
872,4,3,3,2,642064
4135,3,3,6,7,1200275
3041,2,1,7,39,1018619
4110,1,3,7,31,1152150
2192,2,2,2,28,540453
605,5,2,3,6,635905
2181,4,1,4,1,794289
4597,5,3,7,20,1412882
4516,4,2,2,5,974017
3136,4,1,3,27,829405
2637,5,1,7,47,1099927
3916,5,2,7,41,1297229
4945,2,2,3,35,969171
4030,5,3,1,31,879238
1786,2,1,3,44,556483
3679,2,2,5,41,962095
4154,2,1,7,45,1131519
2859,4,3,4,8,933278
944,4,2,1,10,457634
535,5,3,6,22,846024
1975,4,1,2,49,581999
4457,5,3,3,10,1088276
2298,4,3,4,48,845774
2345,1,1,6,1,836457
1908,1,3,6,2,828270
2208,5,1,7,10,1084779
3438,4,2,5,49,1017017
1800,4,1,7,34,952477
1743,2,1,2,14,474066
4476,3,2,1,42,774988
3597,5,1,8,10,1340186
509,3,2,1,30,334356
2925,3,2,2,27,681319
2160,5,1,6,27,1005349
3131,4,3,1,31,696565
1572,5,3,3,24,748324
3725,3,2,7,19,1207858
1816,4,3,8,27,1127587
4645,1,3,4,24,998693
4183,5,1,3,10,1016853
3773,5,2,1,18,809389
645,4,2,9,27,1016104
3540,1,1,6,0,966576
1962,1,3,6,4,862676
2084,4,2,9,9,1202324
982,2,3,1,41,328173
3679,5,2,6,45,1170149
1749,5,2,5,33,884464
1130,3,2,6,35,797877
1161,4,2,8,1,1020253
4003,3,3,5,17,1116874
3352,3,3,2,12,794597
2966,1,3,2,4,658991
1487,5,3,5,19,886267
2046,3,1,3,1,675364
1149,1,2,3,10,483544
1468,4,2,8,29,1027952
3137,3,2,7,31,1135135
1600,5,1,1,31,518651
940,3,3,5,49,722937
1269,4,2,9,37,1094354
1843,3,3,4,27,742034
4858,5,3,1,9,990636
4229,1,1,8,21,1226112
4406,5,1,5,16,1209510
2077,1,3,2,21,526272
4508,2,2,1,42,749845
3851,5,2,3,18,985128
2849,5,1,9,16,1311051
4102,4,1,1,23,768829
1741,3,1,4,35,671997
1625,1,1,8,31,870710
3101,1,1,8,45,1047356
1690,4,1,8,35,1056027
4631,4,1,8,27,1393657
4948,3,2,4,13,1100514
572,3,1,8,35,859328
2414,5,1,9,5,1271728
2972,2,2,7,8,1071208
3546,3,2,2,20,787567
1207,4,3,9,11,1133323
2304,3,1,8,29,1065025
4213,1,1,5,30,952973
3064,2,1,3,39,707593
2975,5,1,7,3,1207746
4110,1,3,2,30,751909
4755,1,2,3,26,899958
3323,2,2,9,24,1245783
2235,5,1,4,4,874051
2085,4,1,4,5,803956
566,5,1,3,4,575065
3561,3,3,5,26,1042512
2928,1,3,3,7,723199
4653,3,2,9,8,1487770
841,4,1,3,14,548367
3274,3,1,2,35,698913
3317,5,1,5,40,1028169
3161,3,1,6,6,1043678
1732,4,3,1,31,540747
4374,4,2,6,7,1259517
2901,4,2,3,46,820316
1994,5,3,4,14,887649
4711,4,1,6,36,1248801
1161,1,2,8,18,883001
4383,4,2,9,38,1450549
4119,3,3,6,5,1212840
2368,3,1,7,18,989194
2834,3,2,5,27,903249
3874,5,1,9,16,1455793
1516,3,2,4,41,654159
4906,5,3,6,18,1374135
707,5,1,5,30,734792
3165,4,3,1,10,731208
2993,1,2,5,14,838644
1132,4,3,5,9,815065
2602,4,3,9,42,1275163
3459,5,3,1,22,814016
3583,5,2,5,2,1157572
2431,3,1,7,2,1029130
4219,3,3,6,17,1219277
3062,4,1,6,24,1070173
2179,2,2,7,42,959432
736,2,1,6,19,681183
4943,3,3,5,28,1190540
2040,2,3,5,21,814510
4443,3,3,9,49,1439445
863,5,3,8,14,1076820
2868,4,3,4,38,929039
785,1,3,4,9,541343
648,4,2,5,20,705173
4537,3,2,3,28,978018
2266,3,2,8,31,1085646
1512,4,1,7,9,969455
3331,3,1,5,12,953703
3007,2,2,3,46,714018
2023,2,1,5,22,757750
3285,3,1,3,49,755521
3056,3,3,5,22,1001086
4225,2,3,1,30,761294
2101,3,1,6,3,923857
2908,3,1,4,48,798846
840,4,2,4,2,681591
3317,1,1,8,20,1086341
2996,2,3,2,1,723642
2225,4,1,4,3,832087
2189,1,2,2,0,545673
3767,3,3,1,14,773819
4906,3,3,3,32,1053614
761,4,3,8,5,1029701
1942,3,3,6,6,941122
905,5,1,7,18,916058
2690,4,2,2,43,702100
4937,1,1,6,0,1135139
743,4,1,8,38,930645
4607,2,3,8,18,1345859
1060,4,2,4,44,675671
4637,3,3,6,25,1251710
3225,3,1,5,43,926615
1093,5,1,9,11,1113858
2326,5,3,8,21,1256466
3729,5,1,2,12,862209
3787,1,1,7,27,1087169
4573,5,3,7,13,1426931
633,1,1,1,21,208907
3638,5,2,1,29,812285
4419,1,3,4,43,946730
572,4,2,5,19,702940
4994,4,1,4,43,1105344
4725,3,1,7,26,1265441
3478,1,3,3,37,759692
4861,2,1,7,41,1232435
2485,3,3,8,40,1152069
1292,4,3,6,33,893908
4759,1,3,6,38,1153695
594,5,3,8,40,1004895
1633,2,3,8,43,977692
737,4,2,7,36,877807
3446,3,3,6,0,1114501
3030,1,2,6,14,941154
2460,2,1,6,31,879519
1548,1,3,8,7,954890
3029,5,1,1,32,690295
3464,3,3,5,17,1027246
1463,1,2,3,44,487889
1036,4,2,8,28,982669
4723,3,2,6,31,1216488
4179,4,1,2,32,857855
4687,1,3,7,4,1260254
4224,3,1,7,17,1246094
1042,4,2,5,47,739585
1345,5,1,8,9,1071353
4103,5,2,5,35,1150232
3536,1,2,1,32,571688
2994,3,2,9,22,1281383
4985,2,3,4,39,1054613
3219,3,3,2,4,791549
2384,5,2,4,33,883236
4638,4,1,9,23,1476983
4849,2,1,2,16,873942
3701,1,3,4,30,856107
3210,2,2,2,6,716797
2453,1,1,5,16,756729
4350,2,2,3,27,902868
1189,1,1,2,37,337114
2450,1,3,9,21,1127548
956,2,2,5,14,657356
2630,2,2,5,36,851983
4476,1,1,1,14,680127
4744,5,1,6,49,1296204
1679,2,1,7,49,852691
4785,3,2,1,24,831528
4065,4,3,9,20,1461189
1382,1,3,8,37,898298
899,1,1,8,1,809825
1108,4,3,7,26,946312
2138,5,1,5,48,879046
2648,4,3,3,31,798852
1882,2,2,9,20,1102367
1903,4,1,7,3,1000472
1319,1,3,8,43,892217
3792,4,2,6,18,1194712
1319,3,3,5,1,778392
919,2,2,8,25,900825
4719,4,2,3,33,1045020
3802,1,3,7,13,1146721
2008,2,3,2,14,566985
1267,1,2,3,19,497122
2544,5,2,2,33,735842
2639,3,2,5,35,882984
3529,5,1,7,18,1232495
2049,3,2,1,8,513590
2264,4,1,9,6,1208268
3145,2,2,1,29,589367
4216,4,1,1,12,805824
4981,3,2,8,26,1425976
2793,3,2,6,43,987212
3208,3,2,6,34,1036396
1400,1,3,9,12,1017815
3584,2,3,4,14,921276
2509,4,2,8,45,1154169
741,4,1,4,8,628524
2885,5,1,2,44,724706
4768,3,2,8,22,1412744
1171,3,3,7,35,906229
663,3,1,4,39,558807
964,4,3,9,2,1106770
3542,5,1,9,33,1411305
2942,1,2,8,18,1086592
2855,2,3,1,27,594735
4778,1,1,7,22,1186051
3057,4,2,5,39,1007601
1045,3,2,7,48,861141
4335,2,2,9,44,1357861
1093,4,3,2,6,561252
4304,4,3,4,40,1102154
1959,4,2,4,11,784650
3993,2,3,2,13,808244
3101,2,1,3,45,677427
2944,5,2,8,14,1273022
3172,5,2,9,2,1417432
4700,1,3,6,14,1150765
516,2,2,2,23,363118
3691,2,1,2,45,675655
892,2,3,7,7,846242
924,5,3,8,4,1078257
1071,4,2,8,3,1019817
4131,3,2,6,13,1160756
1620,5,2,8,15,1133769
741,2,3,1,19,354737
4397,5,2,9,23,1552083
4595,1,1,1,5,688063
2779,2,2,3,30,722724
1288,1,2,9,5,971588
1214,2,3,5,34,701503
3349,5,2,9,14,1412957
1275,4,3,9,28,1154911
4526,3,2,6,2,1230751
2747,1,1,1,10,461550
578,5,1,7,2,920860
4426,4,3,6,27,1274017
1355,5,3,9,9,1230977
2648,1,2,7,49,929894
1531,3,2,4,32,698944
3771,5,1,7,47,1252417
4076,2,2,2,15,810223
4682,4,1,6,9,1249896
3956,5,3,6,32,1271670
4006,4,2,2,35,848473
907,2,3,4,2,628781
3211,3,2,8,4,1245460
3588,3,1,8,11,1233794
2168,2,3,8,43,1036796
647,4,3,8,12,979016
4827,5,2,1,23,957023
4397,2,3,2,43,831087
2450,1,1,4,31,663329
865,4,3,9,15,1095513
2174,3,3,3,31,694738
4994,2,2,6,44,1194752
3046,3,3,7,36,1126044
1062,4,2,8,35,976979
4062,3,2,7,20,1236297
2989,2,3,3,46,761042
1272,4,1,6,11,868311
2537,1,2,5,20,779804
3923,2,3,4,20,941209
3067,5,2,1,42,716870
2073,2,1,7,5,934838
4194,4,1,8,8,1382854
3791,2,2,2,0,755789
1746,1,1,7,11,857367
4219,1,3,6,13,1121420
4339,5,3,5,5,1239339
859,3,2,4,0,649450
2876,4,1,2,21,708505
3509,4,3,6,33,1157417
3493,3,3,5,10,1034291
1462,1,3,2,2,454798
4132,1,2,7,41,1130454
2327,2,2,6,5,911011
2113,5,3,9,5,1302163
2140,5,3,5,19,974046
2716,5,1,9,20,1303136
4812,2,1,9,1,1427017
877,5,1,1,25,431541
4714,3,2,5,30,1135195
4785,2,3,9,25,1466002
869,3,2,7,31,824171
2696,2,3,6,9,986492
4247,5,1,6,22,1248572
1151,3,1,7,5,857312
1269,3,1,1,22,386408
2921,3,1,4,27,826356
1280,2,3,1,48,380437
2216,4,1,6,29,949698
4483,5,3,4,13,1181668
1811,3,3,1,36,505552
3859,4,2,9,31,1431492
1022,5,1,4,48,659422
1021,5,1,6,33,855835
2820,3,2,7,40,1058452
1435,3,3,8,43,1008721
2730,2,1,9,21,1140498
4540,4,3,9,30,1522019
4197,4,2,8,6,1381794
3337,3,3,3,40,855986
4583,5,1,2,20,963769
2961,3,3,5,15,986292
3743,5,3,1,19,869337
3859,5,1,3,42,933603
1185,3,1,1,43,376281
2660,1,3,3,46,655230
4488,4,3,4,49,1099665
4566,5,2,7,18,1404215
2067,5,1,5,47,872904
538,1,3,5,31,566436
3044,2,1,1,14,559335
1756,1,2,8,4,970404
3490,1,3,4,10,870772
2696,5,3,5,14,1055013
3968,4,3,2,28,887485
3208,1,1,1,49,512735
801,2,2,9,44,932493
1146,3,1,2,3,490773
2259,1,3,6,48,844261
4851,1,2,1,35,728081
1097,2,3,1,47,352345
1161,4,3,9,22,1143442
4830,1,1,4,14,971704
1868,1,3,9,45,1032669
3081,4,2,5,43,973821
4368,2,3,7,2,1256903
4037,1,3,1,31,662391
4808,4,1,6,9,1264974
782,1,2,8,39,821020
4178,3,1,1,37,712579
1986,5,3,9,21,1264483
4582,3,1,3,13,939310
4683,1,1,1,16,702503
960,2,1,1,20,304476
2825,5,1,6,47,1068881
4254,3,3,6,14,1209894
2968,4,3,1,14,699909
2224,2,2,3,0,671062
1876,3,1,7,23,934034
3243,4,1,3,11,843167
1014,1,2,3,9,473631
1202,4,1,3,45,581848
2153,3,2,7,41,988743
2566,3,3,4,41,819962
522,1,2,4,30,468052
2960,4,1,3,10,808381
1804,4,2,9,15,1164885
3800,1,3,2,8,758868
861,4,1,4,46,598182
4227,1,3,8,13,1282928
1784,2,3,6,18,877025
1014,3,2,7,30,854619
948,2,3,7,8,864691
2355,5,1,2,35,706216
4062,5,3,4,38,1129025
3020,5,3,6,25,1176311
3581,1,2,3,7,775662
1928,4,3,9,23,1203632
4467,2,2,4,7,1013305
1422,2,2,2,18,481308
3637,2,1,6,46,996464
2659,2,1,1,47,493979
3047,5,1,6,29,1080387
3479,2,1,1,21,595777
2781,4,2,8,8,1207327
3149,5,3,5,43,1076338
813,2,1,6,47,668533
3113,1,1,2,3,613677
3583,3,1,2,36,730410
2756,3,3,9,7,1279255
1537,3,1,3,0,613795
3989,5,3,6,27,1259325
3134,2,2,5,5,915238
4483,5,2,4,46,1118746
2278,4,2,2,35,669271
4395,1,3,8,10,1303978
1624,1,1,7,4,815046
1197,3,1,2,49,433949
2679,3,1,6,23,953556
1904,3,1,8,46,1001857
1543,2,1,7,17,847438
2429,4,3,1,19,656019
1513,4,2,5,27,806000
726,4,1,2,12,471365
2328,4,2,6,4,1017457
2523,3,3,7,29,1061927
2952,1,3,7,0,1035796
2585,3,1,3,21,690351
4783,4,3,7,17,1408658
1580,3,2,5,45,752201
2820,4,1,8,4,1211207
3690,5,1,8,30,1333128
3130,1,2,7,5,1028639
3063,5,1,6,26,1087863
3792,2,1,2,24,720093
4086,3,2,6,28,1163964
4931,2,1,9,27,1430465
3447,3,1,2,15,739402
4459,5,2,1,11,917691
3313,4,3,5,19,1048982
3083,4,2,6,17,1104235
661,3,1,3,33,472917
1093,4,2,8,22,1001145
3759,5,1,7,44,1255787
4655,4,1,2,26,905972
3462,5,2,7,48,1233523
4388,2,1,1,16,735270
3890,5,3,9,47,1485616
1163,1,1,7,20,749510
1632,1,2,6,49,751087
1041,1,3,2,39,370546
3474,3,3,3,30,873288
1367,3,1,1,2,412817
2566,3,2,5,16,887067
931,5,1,9,49,1048163
4778,3,1,6,25,1188439
1706,2,2,5,22,754002
3028,1,2,3,5,726705
1669,5,1,5,27,846181
1330,1,3,8,7,914823
2151,3,1,2,44,569457
1636,5,3,5,7,923088
3310,4,1,6,18,1086707
975,2,2,8,37,876249
3310,3,3,8,28,1264591
1826,3,2,5,22,821291
1519,2,2,9,46,1003765
2336,2,2,4,31,739104
4756,4,2,9,9,1546337
2948,3,2,7,26,1115508
4793,3,1,6,48,1171038
1783,1,3,4,0,655909
1159,5,1,2,38,540924
2510,5,1,8,28,1194081
898,1,1,6,44,625374
2233,5,2,3,2,819788
2625,2,1,7,46,948958
2671,5,3,7,36,1173217
574,5,1,6,30,800504
3971,1,2,2,10,732013
1336,4,3,8,21,1070519
999,5,3,1,17,503136
637,5,3,1,34,476928
2597,4,3,6,5,1087133
4196,1,1,5,2,985251
2385,4,2,9,4,1249276
3257,1,3,7,8,1063911
4420,2,3,2,27,867790
2400,1,2,7,18,922066
3110,2,1,3,27,721845
4486,2,3,1,26,795985
1949,1,1,8,12,951292
1046,3,1,3,37,520355
2503,1,1,8,42,996909
2596,5,1,7,20,1138098
1203,5,3,2,26,608243
2903,3,3,1,45,625577
2125,2,1,7,5,930707
3831,3,1,1,37,675860
3478,5,2,6,48,1150453
3339,3,2,8,10,1237180
3884,1,2,7,46,1108633
3159,3,3,4,40,885587
2361,2,2,1,16,519906
3356,1,3,1,38,570550
1185,4,3,4,6,756808
4783,5,3,5,29,1302289
2119,5,3,7,20,1138791
1931,3,2,4,0,775147
1375,1,1,1,24,299506
2961,4,1,7,31,1122715
1865,1,1,2,7,463926
1743,5,2,2,4,684626
662,1,1,8,29,768410
2474,4,2,5,7,934562
3791,3,2,2,48,767859
769,2,2,5,18,623106
1131,1,1,8,43,816091
1405,2,1,6,29,759546
3971,5,1,3,14,986879
3753,3,3,8,35,1294626
2514,3,2,9,43,1206697
2141,1,3,5,26,770115
704,3,2,2,12,449795
1081,1,1,2,13,354988
1340,1,2,7,36,784510
2219,2,2,1,47,453441
3143,3,3,2,29,759981
2797,1,2,4,38,717369
1374,2,1,1,46,335793
1189,4,2,4,12,712864
4500,2,2,5,15,1088279
3641,2,2,9,43,1280490
1922,1,3,1,6,459773
1171,5,2,5,47,796715
1671,5,2,2,26,641758
4226,5,3,9,44,1518672
1443,2,3,6,34,791888
1949,1,3,2,14,523437
4237,3,3,3,27,946378
3039,2,1,8,34,1111882
4459,2,1,1,6,719211
4760,1,2,3,49,877892
2861,4,1,1,45,608297
4152,2,2,8,49,1262301
4170,4,1,1,45,772664
2253,4,3,5,19,946935
2852,5,3,4,31,965967
2438,1,1,7,37,886048
870,4,1,5,39,695469
4979,1,2,8,31,1320880
2431,5,2,1,25,660866
924,1,2,5,38,569726
1394,2,3,4,19,661974
1097,4,3,3,17,646380
3562,1,3,5,49,929436
2836,3,3,3,14,818445
2187,1,2,8,21,994410
1072,4,3,3,21,628535
2590,5,3,1,20,728871
4169,5,3,9,1,1561538
4772,4,3,9,39,1546994
2133,2,1,6,42,834601
2017,2,2,1,17,453484
4793,5,2,8,22,1492771
3157,5,3,2,12,857368
4148,4,1,9,40,1388759
4088,2,2,8,8,1266320
2037,5,2,3,48,763324
3637,2,3,5,6,1037619
597,5,3,9,40,1093581
3715,1,2,1,0,641822
4250,3,2,9,1,1455451
3657,1,1,4,3,842361
843,5,2,4,13,727799
1110,3,2,4,31,646821
2227,3,3,9,35,1203689
2790,5,2,6,1,1116879
2354,5,3,8,39,1210375
3108,2,2,4,49,811939
2579,5,2,3,13,839032
2824,4,2,1,19,667274
1677,5,1,7,24,1029516
1591,4,3,4,41,773550
3291,5,1,8,48,1251447
2249,2,2,3,7,655127
3175,4,1,1,27,661603
1281,1,3,5,45,665283
3548,4,2,2,20,806287
2605,2,1,3,22,643522
4367,4,1,6,31,1188889
2613,5,3,3,7,896860
4470,5,1,3,30,1034180
2491,2,3,6,36,941060
1567,3,2,5,15,780270
2077,5,2,9,39,1246933
1511,1,1,1,41,287279
2774,2,2,3,26,722734
2314,4,2,3,39,738347
2926,4,1,6,40,1027521
4902,1,2,8,17,1304563
3051,5,1,3,34,832565
4157,2,3,3,48,878249
507,1,3,6,14,656803
3055,5,3,8,26,1316037
975,2,1,6,16,707855
2711,4,1,3,39,752731
984,2,2,4,1,587927
2785,3,2,1,48,559436
4025,2,2,8,49,1227487
3839,3,2,4,30,952528
3322,2,2,6,36,995795
3424,3,1,3,40,782135
758,4,1,6,40,742939
782,5,3,9,33,1122145
2398,3,3,9,33,1203767
4635,3,3,3,2,1049294
3476,4,3,3,16,946218
2767,3,1,4,13,823070
3700,1,1,7,13,1084770
1112,4,1,3,45,548174
1187,1,2,8,37,841888
4190,4,2,8,34,1388405
1112,3,3,6,0,845836
2807,1,2,4,47,727721
3513,3,1,5,28,984737
2281,4,3,2,3,736017
3091,3,3,6,32,1075600
3196,1,2,3,16,715436
4458,1,3,6,27,1139199
1074,3,2,5,49,704069
2410,2,2,2,25,577710
4104,4,3,5,7,1180446
1169,4,2,5,33,769432
4864,3,2,9,17,1495882
1783,2,2,8,30,990405
1423,1,2,7,26,805912
1625,5,3,3,15,745617
2029,5,1,4,9,815675
2094,3,1,6,39,891277
746,2,2,3,11,483953
4211,2,2,9,21,1349625
2060,4,2,8,15,1120277
2900,1,1,6,11,908385
2743,2,2,4,10,817128
4364,5,3,7,19,1417742
2439,1,3,3,0,658777
3569,1,3,8,26,1201460
726,3,1,1,2,331798
4047,2,2,3,11,886761
764,3,2,5,29,674084
1895,2,2,5,8,765143
4057,4,1,2,36,837334
1145,3,1,8,0,947078
3490,3,1,5,41,975432
2399,5,1,7,48,1061528
3004,3,3,7,3,1153157
3272,2,1,5,14,911405
1654,5,1,8,26,1074861
1087,3,1,9,7,1019929
2321,3,2,4,22,778265
1485,4,2,4,14,730018
4579,3,2,8,26,1386629
3848,1,3,1,30,659072
4331,5,3,4,38,1158844
1741,1,1,6,46,741606
689,5,2,4,7,686996
1480,4,3,6,29,904054
2198,3,2,5,41,825867
2215,3,3,9,17,1192874
3093,3,3,9,3,1329348
4636,5,1,4,46,1122288
4933,3,1,4,42,1053062
1598,1,3,8,21,962717
2826,3,1,4,2,829992
3747,4,3,2,14,873989
1395,1,3,2,34,433093
2174,3,2,1,46,517507
3409,3,1,5,37,942840
1430,2,1,6,32,741184
4884,5,1,9,13,1555186
1223,1,2,5,47,603429
3440,2,2,6,0,1058023
1589,4,2,6,48,898386
1435,5,1,3,25,649683
2795,1,1,4,7,735882
655,3,1,1,49,303743
1570,1,2,4,15,607640
2458,3,2,1,37,537975
3001,5,3,5,9,1087748
4719,3,2,8,41,1380723
4330,4,3,8,36,1424419
1354,3,1,5,25,712540
1139,4,2,2,27,537117
2738,5,1,6,11,1068214
2102,5,1,1,19,587493
941,1,1,7,48,696485
1836,4,1,4,13,764917
4200,4,2,5,45,1126768
1448,2,1,6,34,729847
3873,2,3,1,28,696192
959,2,2,9,11,972844
892,3,1,4,17,570218
4438,2,2,8,43,1295861
2287,4,3,5,1,978848
2757,3,1,8,1,1161753
1638,5,3,1,16,599292
4308,1,1,8,9,1210381
2954,2,3,4,17,848006
1966,5,1,2,21,663237
4174,4,2,6,18,1204097
1877,1,1,2,0,480482
3097,5,2,5,23,1039569
641,1,1,2,35,296190
3159,2,1,3,24,738268
1339,4,3,6,35,889260
4118,1,3,1,30,702758
4417,5,3,6,30,1330471
1095,2,1,3,1,501142
2404,2,1,7,18,958313
780,5,1,2,11,533485
923,5,2,6,9,877571
4865,1,2,8,30,1292419
4749,3,1,1,44,790135
2250,2,3,9,21,1163972
2467,1,3,5,22,807567
4588,5,3,5,22,1281434
4678,1,1,5,14,1011409
3446,5,3,6,25,1190423
1949,4,1,2,2,607256
2831,5,2,6,22,1087762
2720,5,3,4,19,970169
4289,5,2,8,44,1402257
3310,3,3,9,39,1310582
2031,5,1,9,38,1208169
3490,2,1,8,7,1200453
4993,2,1,3,17,961019
1643,1,1,4,40,545736
1433,3,3,1,5,478623
1960,1,2,9,26,1055545
3223,2,1,5,35,867004
3012,2,3,6,14,1032342
785,4,2,3,36,542092
764,5,1,8,4,1014792
2867,2,2,7,38,1010361
3947,1,1,1,8,611416
2262,1,2,5,6,771559
3548,5,2,9,40,1426329
2881,5,1,6,19,1105316
2769,4,3,8,9,1266343
540,3,2,1,25,342981
567,1,1,7,3,707380
1487,5,2,3,37,681627
4508,1,2,9,23,1334628
3698,5,3,6,13,1246104
3024,2,2,5,40,871075
1585,1,2,8,0,936761
2979,2,1,8,16,1128602
2193,1,1,3,44,541458
2815,3,3,2,23,733050
1278,4,2,2,26,543436
2085,2,2,5,6,799576
1992,5,2,7,8,1117079
1160,3,3,8,42,962592
1848,1,2,8,34,944866
1799,2,1,8,11,969189
4440,1,3,3,20,897609
2486,1,1,2,2,517013
2544,1,1,4,14,705217
4016,4,3,1,20,841153
1558,4,1,3,9,636583
1476,5,2,9,32,1164294
1227,2,3,7,45,843592
3027,3,1,7,5,1083770
3636,3,2,1,1,710312
842,3,2,7,28,846394
1947,1,1,7,39,817952
2879,4,2,4,32,877798
4159,2,3,7,3,1260536
1026,1,1,8,3,820587
2396,4,2,3,28,766712
2573,4,2,2,36,707950
905,2,1,7,19,783263
2073,2,1,5,40,750006
4240,2,1,5,22,1034289
4774,1,1,5,44,1017153
4727,5,3,7,17,1459713
2346,2,1,9,48,1077199
1978,5,3,8,24,1200805
2895,1,3,6,0,965270
1271,5,1,7,14,984512
1078,3,3,9,33,1065793
3401,5,1,6,47,1112158
693,2,1,1,19,280093
2507,1,2,4,36,704076
1685,2,1,8,26,935970
2894,3,2,7,21,1080029
3498,2,3,3,4,861031
2292,2,2,3,33,629895
1610,2,3,3,38,588639
4505,4,1,1,2,858890
2761,3,3,1,16,626421
4236,2,3,6,23,1162560
4293,2,1,1,23,698943
2436,2,3,5,2,887129
4857,1,1,4,44,936763
1229,4,2,5,6,796506
4878,1,1,7,24,1204929
3951,4,1,6,2,1183013
4957,2,3,9,14,1493275
2640,3,2,6,28,995692
2144,5,1,9,49,1220679
3300,5,2,4,28,1003236
641,2,2,1,9,315119
1955,1,3,1,31,423934
2596,3,1,7,22,1042737
1825,4,3,3,38,706034
1713,2,1,2,8,498645
1659,3,2,6,36,842522
4999,3,1,6,39,1213523
840,4,1,7,13,892869
4328,3,2,5,3,1114070
2468,1,2,8,19,1045720
1203,1,1,7,27,744576
4913,1,3,2,13,868272
2929,3,1,1,43,553385
2300,1,2,9,33,1091767
1355,4,3,5,12,848530
2312,3,2,5,30,868632
3366,5,2,4,32,1005426
4142,3,3,2,38,846328
682,4,2,5,27,724851
3612,5,2,2,24,875026
4992,3,2,7,31,1350440
2017,1,2,9,8,1045607
1856,2,2,9,27,1056814
2674,2,2,6,30,922015
4129,1,2,1,16,662988
4128,2,2,6,22,1103044
4596,2,2,5,12,1106767
3739,1,1,4,9,825871
4191,1,1,6,15,1045762
518,3,2,6,5,735206
3903,3,1,6,47,1066294
3504,1,3,2,10,691834
1632,4,1,7,2,1003081
3839,2,2,4,27,923496
3811,3,2,9,40,1330283
3872,2,1,2,14,748064
1487,5,2,5,12,870943
3821,1,3,4,41,860562
673,4,3,9,44,1057001
4241,5,2,4,16,1142661
3552,5,3,8,6,1387379
1226,5,3,8,27,1091346
4260,1,1,6,37,1053898
2375,3,3,6,12,987762
4533,1,1,8,16,1246076
1489,3,2,9,14,1112788
4244,5,1,5,35,1139391
3186,5,2,1,27,728401
919,4,2,1,14,446095
1093,3,2,2,45,443962
2274,5,2,5,10,970793
2959,2,2,4,30,802545
1435,4,1,1,3,467194
4308,1,2,4,34,896491
831,4,3,4,33,666063
3949,2,3,4,26,971364
3202,3,2,1,9,651469
4506,1,3,9,29,1380495
4368,1,1,3,44,806926
4700,3,1,4,19,1041588
701,4,2,5,28,719288
2997,5,2,7,28,1218502
2342,4,2,6,22,1000906
2366,2,3,5,49,814444
2496,5,3,8,20,1262058
1409,4,1,1,47,433306
4805,3,3,7,42,1322703
3689,2,1,6,9,1042082
1270,2,3,5,40,697490
3655,2,1,7,11,1113515
3001,5,2,3,29,895326
3214,1,3,1,32,575191
4085,5,1,9,17,1468229
2128,4,3,2,13,703191
886,1,2,3,21,438851
3921,4,1,8,20,1305037
4508,1,3,9,0,1402921
4593,5,3,3,48,1089995
4863,2,2,6,42,1189285
2966,3,2,7,14,1117277
2782,2,1,1,35,490084
2356,5,3,7,46,1119136
2498,1,3,4,21,725250
1736,2,2,5,31,729003
4644,5,2,8,45,1448119
1650,4,1,4,32,720992
4818,3,3,4,40,1115937
1931,2,3,8,38,1012644
2319,1,1,5,22,732201
2824,4,1,6,42,1011140
1630,5,2,5,1,912980
3158,3,2,1,1,666771
4000,1,1,7,37,1068721
874,5,1,6,28,821810
2620,5,3,2,45,753753
4520,2,1,7,2,1218232
2521,2,1,6,38,877471
4205,1,3,5,6,1026370
3759,5,1,8,35,1341605
3935,2,2,5,28,1000756
2389,3,2,2,36,615774
2323,3,3,6,48,938695
1974,5,1,1,35,544555
2742,2,2,5,22,878320
3743,1,2,6,44,986400
3634,1,2,7,15,1075085
2570,1,2,2,47,517944
859,3,1,1,30,330412
2541,2,1,6,33,888756
1641,2,1,3,49,512308
2135,3,1,5,0,817894
4500,1,2,2,17,794141
2443,1,3,1,39,476826
3861,5,3,1,42,860089
3480,4,2,4,14,1003020
506,2,2,2,47,351069
3767,2,3,1,48,691895
2091,2,3,6,16,886380
3764,4,2,4,43,1005335
3106,5,2,7,9,1223555
3719,4,1,6,19,1128190
3773,1,1,5,5,924981
1413,1,3,2,7,468173
2511,2,2,5,44,828673
1942,3,3,9,33,1178654
3554,2,1,9,31,1233943
4046,3,1,2,41,777856
4721,4,3,7,3,1420054
3428,1,1,4,43,750729
2329,3,2,3,49,685861
1075,4,3,1,38,460558
1429,1,2,3,19,504849
4259,3,2,9,23,1431730
4199,2,1,9,23,1341834
1963,2,2,7,25,935967
3775,2,3,3,24,874939
1554,4,2,3,35,658247
2400,2,2,4,6,744040
1957,5,2,7,9,1098956
1899,1,2,7,46,858050
3915,4,2,2,11,865172
942,2,1,5,0,645409
4150,1,3,7,49,1136562
1678,3,1,7,24,903260
4958,2,3,6,15,1251660
1757,1,3,8,4,967429
4134,5,3,3,18,1043143
2341,3,3,1,3,597937
2809,5,3,3,5,910454
1410,1,2,2,25,417099
4840,5,1,2,48,954058
4509,1,1,2,38,736678
2669,1,2,5,38,775146
2672,5,3,1,8,742772
623,1,1,4,44,440164
3658,2,2,5,13,966597
1285,1,2,2,47,381816
2916,4,1,5,8,989570
1296,1,1,4,14,537348
4672,4,3,8,36,1460836
4654,1,3,1,49,745920
2436,1,1,5,19,765342
2656,5,3,1,7,743922
4307,2,2,4,31,974544
1801,2,3,8,46,1005995
4663,3,3,1,20,863201
3640,5,2,2,40,884279
3736,5,3,1,18,843555
2852,2,2,7,28,1036267
2432,5,3,2,30,774767
3221,2,1,1,5,598542
864,5,3,6,3,906618
2890,1,1,6,42,878148
1446,2,1,2,28,447729
1877,2,1,1,41,411482
1939,4,1,3,2,690621
3680,5,1,5,0,1108673
840,5,2,6,43,865627
3489,2,2,3,14,821776
882,1,2,9,46,870761
2056,1,1,5,20,689493
799,1,3,2,45,335342
638,5,2,6,30,837520
858,4,3,8,6,1037228
2022,2,3,6,16,896458
3956,3,1,4,18,976221
2127,4,1,6,38,909105
1803,3,1,8,2,1045066
1634,4,2,8,29,1075967
2686,1,1,2,34,538831
3670,5,2,8,28,1375879
4335,3,2,6,49,1167601
2651,4,2,2,13,733622
1737,5,2,1,34,557834
4235,3,1,6,27,1154358
3334,2,2,7,29,1080342
4760,4,1,5,25,1160687
1498,2,1,8,6,951101
3067,1,2,9,38,1153610
1807,2,1,4,30,646445
1156,2,3,7,4,870786
3160,4,1,8,34,1232462
2711,1,1,6,49,843043
2409,2,2,2,46,546652
4230,5,2,7,13,1357270
2546,3,1,9,35,1178359
3662,2,2,5,26,981841
1640,1,3,2,23,464049
766,2,3,4,39,545231
2345,3,2,3,28,715411
2208,1,1,4,44,640501
4130,4,3,7,21,1344273
3711,1,3,8,7,1201962
2793,4,1,1,14,617498
4232,1,2,8,48,1199462
4329,3,3,5,4,1174488
2010,3,1,7,3,966006
975,1,1,1,10,247757
1476,2,3,2,17,516830
1707,3,2,1,41,455310
2460,4,3,5,48,923420
1057,4,1,6,29,814155
1382,5,3,9,14,1219633
2694,4,2,8,5,1212596
3167,5,1,7,15,1207545
2110,1,2,5,46,725488
3988,1,3,3,39,808516
2954,1,3,9,8,1205589
4994,2,2,5,42,1100777
2446,2,3,3,33,680384
3308,5,2,3,26,932470
4325,4,3,3,12,1044981
4036,4,2,6,35,1191346
4302,1,2,1,26,669014
4677,3,1,4,8,1054257
2470,2,1,8,4,1044221
4322,2,2,3,21,895661
3319,1,3,5,30,898652
1402,2,3,2,2,530754
864,1,3,2,29,383082
4758,5,2,7,20,1406757
3619,4,2,3,34,896563
3058,3,2,5,5,959557
2363,4,2,3,27,766880
615,4,1,6,31,764061
2884,5,2,3,41,841187
4435,2,3,8,36,1331960
2990,3,1,2,24,690361
1442,2,3,3,31,563178
2224,4,2,8,34,1148148
2834,1,1,8,21,1050688
3267,4,2,1,23,702178
1637,2,1,8,38,946133
3027,4,3,2,29,781704
4617,1,2,7,49,1176288
3920,5,2,6,31,1246621
4406,2,1,2,30,787352
4137,4,1,5,22,1096540
3453,2,2,7,39,1076685
2867,5,1,8,32,1223409
4721,4,2,3,24,1032860
776,4,1,1,35,361528
2499,2,3,7,23,1026249
1727,2,1,5,30,705700
4252,1,3,5,38,1018345
4235,5,1,7,45,1314584
1195,1,1,1,12,272861
1809,4,2,8,9,1120920
4652,2,1,5,22,1074850
3734,4,1,8,17,1319878
4614,4,3,5,31,1213675
2811,3,1,7,32,1044500
3341,3,2,3,35,803637
4708,4,3,2,27,981291
4059,2,2,6,15,1106016
3898,4,2,5,15,1122310
1041,3,2,9,17,1038535
3194,2,2,4,7,839856
1588,4,3,3,41,692063
3863,5,1,9,15,1434288
524,5,2,8,10,1015680
2072,4,3,6,5,1004526
3458,2,2,1,0,649038
4736,4,1,1,11,851693
2267,4,3,6,37,1017572
2735,3,3,3,27,796360
700,5,1,3,44,568688
3698,3,3,6,16,1138823
756,3,1,3,0,513809
4247,4,3,6,31,1262225
2741,3,3,5,7,948123
3675,5,1,4,39,984438
4106,3,1,8,42,1278279
3836,5,3,2,45,918532
913,3,3,7,23,873201
2514,5,1,4,9,889663
1881,3,1,2,46,513746
1598,3,3,7,38,953396
3926,2,3,1,38,717723
4155,5,3,4,9,1141822
1409,5,1,9,35,1116257
687,5,3,4,24,731356
4544,1,2,3,49,839385
4256,3,1,2,9,856232
2515,5,3,3,18,845446
2592,1,1,1,45,415904
4144,2,2,8,44,1259795
2630,5,1,1,14,665362
857,5,3,3,15,684275
2922,1,2,3,1,696600
4757,3,2,2,28,920447
1997,2,3,5,3,822942
2658,5,3,3,49,860901
3055,3,3,3,28,829921
2842,2,1,8,30,1091353
3451,4,1,4,16,965667
1738,4,1,4,9,742589
1473,2,3,3,26,596500
4465,1,3,1,40,714229
1550,2,1,8,14,950512
4201,2,2,1,43,692260
3280,1,1,7,30,998447
2088,1,2,5,20,754816
4378,3,3,4,40,1054134
2868,3,3,4,45,848287
936,1,1,8,44,796525
3328,4,1,6,25,1098930
2056,4,3,1,37,575347
4358,2,1,8,35,1274248
1804,5,3,2,16,719144
2884,2,3,6,2,1026413
682,2,2,9,13,964919
2089,5,1,1,48,561369
2087,1,3,6,12,862699
1159,4,1,8,40,975651
659,2,2,2,26,361089
4453,5,2,5,0,1262590
1511,3,1,6,16,841546
552,2,1,5,47,565738
2807,4,3,3,49,826660
1728,1,2,4,33,613842
1535,2,2,7,13,903995
4202,2,2,4,16,968115
4545,5,1,9,2,1562591
4949,3,3,2,33,953333
1764,3,1,5,39,741940
2384,1,1,8,24,987978
2309,4,1,5,1,891694
3667,1,3,8,33,1198883
4297,2,1,8,25,1252327
2841,2,2,9,30,1174721
3914,3,2,6,8,1160622
1317,4,2,4,29,699188
2937,5,3,3,19,910723
1388,4,1,5,20,776421
1167,2,3,6,28,796552
3124,5,1,3,24,873360
4732,4,2,2,37,949477
1318,4,1,7,43,919561
2688,5,1,5,24,981945
1606,2,1,9,8,1040157
2724,4,3,3,38,807029
697,5,1,8,43,955311
3171,2,1,6,25,982989
3992,5,1,4,36,1046159
2948,5,3,9,15,1412541
970,4,3,5,36,766679
2448,2,3,6,11,936059
4399,4,1,9,23,1469154
2510,1,2,7,25,931003
4300,1,2,5,19,1004361
4618,2,2,2,8,864361
4296,5,1,4,22,1102154
4488,4,2,2,38,915320
734,4,2,3,28,550906
1428,2,2,3,30,542645
4107,2,1,4,18,913980
1022,1,2,6,19,680438
4023,3,2,3,22,891327
2129,2,1,1,42,415104
1816,3,3,1,26,504135
3357,2,2,9,29,1241806
1624,5,3,9,20,1244633
3087,5,2,5,43,1054518
1523,1,1,9,34,930742
1878,1,3,7,48,891224
3874,3,3,9,6,1412462
2019,2,3,7,21,971234
726,4,3,9,9,1107385
1391,1,2,2,22,410298
4572,4,2,8,14,1418919
2757,4,3,7,29,1159764
3288,2,2,6,33,998617
896,3,3,5,12,722832
2578,2,3,4,3,826713
4924,1,1,7,17,1229017
3737,4,3,3,22,957354
4393,2,2,8,32,1291352
2505,2,3,2,33,615050
2516,2,1,1,33,464352
3671,1,2,2,35,686532
3168,3,1,9,34,1259615
2378,2,1,5,16,792535
1696,1,3,8,27,936588
2272,4,1,3,13,719935
661,5,1,7,33,873094
4476,1,2,2,47,752310
2251,5,1,8,10,1191406
1275,2,3,7,12,881789
1439,2,3,5,32,739594
3720,1,3,4,1,917344
1039,5,1,1,33,438571
1961,2,2,5,28,769297
855,4,3,9,36,1086951
4104,3,1,4,3,979796
3823,3,3,9,11,1420967
734,2,3,2,25,418734
2048,5,2,4,27,836226
2596,2,3,9,2,1217157
4713,5,2,4,19,1159769
2601,4,1,5,9,949437
2173,5,3,8,17,1206838
2600,2,1,1,26,503299
4157,4,1,1,30,795098
4096,1,1,9,26,1249063
4248,3,3,9,41,1437851
3673,2,2,4,0,929707
2315,2,3,2,5,624864
4341,2,1,9,10,1347671
2505,4,2,4,33,842506
4993,1,1,6,38,1119256
1174,5,2,1,19,506305
886,1,3,9,20,938131
2658,4,2,5,20,956538
3161,2,3,3,17,779101
2564,3,1,4,20,788970
4351,2,2,1,18,739683
3753,5,1,9,3,1453248
4766,3,2,8,12,1417411
1239,2,3,4,17,654032
1901,3,2,2,28,571796
3759,1,2,9,24,1237380
2777,4,3,4,12,948703
4404,2,3,9,26,1413488
4423,5,3,3,18,1092981
4714,1,2,7,48,1197014
3727,2,1,7,0,1137541
3331,1,2,4,37,780027
4258,5,2,2,18,972211
3012,2,1,9,0,1225597
2651,5,3,4,39,928002
4175,3,2,8,16,1325040
3245,5,1,2,20,795541
4366,3,3,8,21,1368889
4264,2,3,5,14,1080842
2722,3,2,7,49,1036771
3292,2,3,7,38,1092077
2197,2,3,9,47,1129018
3962,4,1,3,38,902133
4563,2,1,4,31,973186
2024,3,3,4,48,737331
532,4,1,5,3,670864
4525,4,3,6,43,1255962
3066,2,2,3,44,739244
3303,5,1,4,31,976775
4396,5,3,3,3,1108536
4209,4,3,2,0,951524
1219,2,1,9,32,960786
1472,5,1,1,6,549024
4218,2,2,2,8,829853
4902,2,3,8,0,1422488
2707,4,2,7,15,1113929
4926,4,2,1,17,896592
4820,1,2,5,46,1058132
3530,5,1,6,5,1166704
4075,5,2,5,1,1195694
3616,5,1,4,8,1030650
3785,3,1,1,3,726180
1143,2,2,7,44,802614
694,4,2,9,22,1060840
4496,5,3,6,42,1307074
988,1,2,3,44,430073
2704,5,3,4,42,953465
3157,2,2,5,7,936602
